video,laughter_start,laughter_end,laughter_value,start_segment_s,end_segment_s,start_segment_frame,end_segment_frame,gaze_0_x,gaze_0_y,gaze_0_z,gaze_1_x,gaze_1_y,gaze_2_z,pose_Tx,pose_Ty,pose_Tz,pose_Rx,pose_Ry,pose_Rz,p_scale,p_rx,p_ry,p_rz,p_tx,p_ty,AU01_r,AU02_r,AU04_r,AU05_r,AU06_r,AU07_r,AU09_r,AU10_r,AU12_r,AU14_r,AU15_r,AU17_r,AU20_r,AU23_r,AU25_r,AU26_r,AU45_r,AU01_c,AU02_c,AU04_c,AU05_c,AU06_c,AU07_c,AU09_c,AU10_c,AU12_c,AU14_c,AU15_c,AU17_c,AU20_c,AU23_c,AU25_c,AU26_c,AU28_c,AU45_c,eyebrow_raise,frown
AndyWoodhull,5,8,1,0,5,1,150,-0.173984,0.0458723,-0.989573,-0.385553,0.0850919,-0.996086,-52.844,1.00835,492.677,-0.197558,-0.412492,-0.282982,1.44764,-0.169641,-0.416761,-0.293195,553.927,362.363,0.0,0.0,0.0,0.0,0.0,0.0,0.0,0.0,0.28644,0.0,0.0,0.0,0.0,0.0,0.0,0.0,0.0,0.0,0.0,0.0,0.0,0.0,0.0,0.0,0.0,0.0,0.0,0.0,0.0,0.0,0.0,0.0,0.0,0.0,0.0,0.00473593602032,0.357009622973
AndyWoodhull,10,12,1,8,10,241,300,0.154686,0.154539,-0.966231,-0.0817748,0.14059,-0.986522,-101.008,19.9772,489.394,-0.12686,-0.584778,-0.136631,1.65687,-0.112957,-0.622265,-0.146517,469.63,393.796,0.0,0.0,0.0,0.0,0.0,0.0,0.0,0.0,0.120616,0.0,0.0,0.0,0.0,0.0,0.0,0.0,0.0,0.0,0.0,0.0,0.0,0.0,0.0,0.0,0.0,0.0,0.0,0.0,0.0,0.0,0.0,0.0,0.0,0.0,0.0,0.49348106644,0.0908196638988
AndyWoodhull,20,21,1,12,20,361,600,-0.262848,0.13654,-0.984815,-0.486036,0.0736812,-0.98281,-5.33152,8.91385,463.931,-0.257303,-0.727828,-0.114332,1.58671,-0.242538,-0.745171,-0.113566,630.097,375.96,0.0,0.0,0.0,0.0,0.0,0.0,0.0,0.0,0.0260121,0.0,0.0,0.0,0.0,0.0,0.0,0.0,0.0,0.0,0.0,0.0,0.0,0.0,0.0,0.0,0.0,0.0,0.0,0.0,0.0,0.0,0.0,0.0,0.0,0.0,0.0,0.392257740088,0.0135084991598
AndyWoodhull,47,48,1,21,47,631,1410,-0.30098,0.100466,-0.992725,-0.466663,0.153695,-0.985138,-143.822,-11.3129,437.595,-0.359521,-0.498434,-0.247937,1.6876,-0.36159,-0.529014,-0.25942,380.528,340.58,0.0,0.0,0.0,0.0,0.0,0.0,0.0,0.0,0.0,0.0,0.0,0.0,0.0,0.0,0.0,0.0,0.0,0.0,0.0,0.0,0.0,0.0,0.0,0.0,0.0,0.0,0.0,0.0,0.0,0.0,0.0,0.0,0.0,0.0,0.0,0.416491269435,0.27546270286
AndyWoodhull,57,62,1,48,57,1441,1710,-0.325764,0.0848284,-0.991502,-0.545401,0.0392224,-0.974012,-30.4147,-19.5387,445.94,-0.574422,-0.29879,-0.122479,1.64669,-0.58799,-0.256488,-0.127212,586.619,327.804,0.0,0.0,0.0,0.0,0.0,0.0,0.0,0.0,0.0,0.0,0.0,0.0,0.0,0.0,0.0,0.0,0.0,0.0,0.0,0.0,0.0,0.0,0.0,0.0,0.0,0.0,0.0,0.0,0.0,0.0,0.0,0.0,0.0,0.0,0.0,0.0,0.421950924384
AndyWoodhull,65,66,1,62,65,1861,1950,-0.303481,0.167646,-0.980327,-0.530311,0.166015,-0.963996,138.977,-2.58387,471.083,-0.208722,-0.336224,-0.0954625,1.75792,-0.191689,-0.312805,-0.0925038,887.575,356.249,0.0,0.0,0.0,0.0,0.0,0.0,0.0,0.0,0.0,0.0,0.0,0.0,0.0,0.0,0.0,0.0,0.0,0.0,0.0,0.0,0.0,0.0,0.0,0.0,0.0,0.0,0.0,0.0,0.0,0.0,0.0,0.0,0.0,0.0,0.0,0.590592081065,0.409291297918
AndyWoodhull,68,72,1,66,68,1981,2040,0.0402289,0.116849,-0.980522,-0.105393,0.147313,-0.983884,-88.268,-8.16991,454.166,-0.261178,-0.0547519,-0.0522252,1.7798,-0.224414,-0.0643416,-0.0564705,477.169,346.06,0.279237,0.0,0.0,0.0,0.0,0.0,0.0,0.0,0.0,0.0,0.0,0.0,0.0,0.0,0.0,0.0,0.0,0.0,0.0,0.0,0.0,0.0,0.0,0.0,0.0,0.0,0.0,0.0,0.0,0.0,0.0,0.0,0.0,0.0,0.0,0.599138235034,0.559741841711
AndyWoodhull,82,83,1,72,82,2161,2460,-0.212826,0.125452,-0.990266,-0.413634,0.128325,-0.977794,-118.852,-18.5661,450.893,-0.34248,-0.441262,-0.26436,1.68664,-0.332943,-0.452656,-0.266373,431.165,326.853,0.0,0.0,0.0,0.0,0.0,0.0,0.0,0.0,0.0,0.0,0.0,0.0,0.0,0.0,0.0,0.0,0.0,0.0,0.0,0.0,0.0,0.0,0.0,0.0,0.0,0.0,0.0,0.0,0.0,0.0,0.0,0.0,0.0,0.0,0.0,0.492213402431,0.249277598559
AndyWoodhull,95,96,1,83,95,2491,2850,-0.0881719,0.143965,-0.984413,-0.256907,0.185515,-0.981863,-99.6047,-25.5587,456.203,-0.280438,-0.371149,-0.258848,1.68906,-0.256177,-0.389704,-0.267102,459.428,313.574,0.0,0.0,0.0,0.0,0.0,0.0,0.0,0.0,0.0,0.0,0.0,0.0,0.0,0.0,0.0,0.0,0.0,0.0,0.0,0.0,0.0,0.0,0.0,0.0,0.0,0.0,0.0,0.0,0.0,0.0,0.0,0.0,0.0,0.0,0.0,0.284072441325,0.453406732557
AndyWoodhull,103,104,1,96,103,2881,3090,-0.183548,0.170305,-0.974494,-0.426968,0.178818,-0.977967,16.0205,-10.7113,478.674,-0.151912,-0.428762,-0.159602,1.69068,-0.144639,-0.422483,-0.160018,667.901,341.669,0.0,0.0,0.0,0.0,0.0,0.0,0.0,0.0,0.307839,0.0,0.0,0.0,0.0,0.0,0.0,0.0,0.0,0.0,0.0,0.0,0.0,0.0,0.0,0.0,0.0,0.0,0.0,0.0,0.0,0.0,0.0,0.0,0.0,0.0,0.0,0.506069407654,0.352810402651
AndyWoodhull,110,111,1,104,110,3121,3300,-0.303336,0.176774,-0.974035,-0.510763,0.119904,-0.982094,-117.961,-15.2961,466.357,-0.110604,-0.484679,-0.0989697,1.71341,-0.0896964,-0.491041,-0.100598,429.642,332.93,0.0,0.0,0.0,0.0,0.0,0.0,0.0,0.0,0.225482,0.0,0.0,0.0,0.0,0.0,0.0,0.0,0.0,0.0,0.0,0.0,0.0,0.0,0.0,0.0,0.0,0.0,0.0,0.0,0.0,0.0,0.0,0.0,0.0,0.0,0.0,0.371402467693,0.285387735712
AndyWoodhull,115,116,1,111,115,3331,3450,-0.0683932,0.205111,-0.97783,-0.26439,0.169043,-0.97108,-162.34,-9.17477,480.575,-0.245497,-0.392366,-0.0754744,1.70219,-0.235116,-0.40734,-0.08072,347.743,344.292,0.0,0.0,0.0,0.0,0.0,0.0,0.0,0.0,0.0884951,0.0,0.0,0.0,0.0,0.0,0.0,0.0,0.0,0.0,0.0,0.0,0.0,0.0,0.0,0.0,0.0,0.0,0.0,0.0,0.0,0.0,0.0,0.0,0.0,0.0,0.0,0.504365819999,0.243278917718
AndyWoodhull,127,131,1,116,127,3481,3810,-0.356751,0.0635776,-0.996765,-0.536892,0.0301215,-0.991238,-92.1953,-22.99,425.854,-0.254642,-0.446777,-0.387425,1.6927,-0.225987,-0.44759,-0.394163,476.172,319.583,0.0,0.0,0.0,0.0,0.0,0.0,0.0,0.0,0.0,0.0,0.0,0.0,0.0,0.0,0.0,0.0,0.0,0.0,0.0,0.0,0.0,0.0,0.0,0.0,0.0,0.0,0.0,0.0,0.0,0.0,0.0,0.0,0.0,0.0,0.0,0.231496703224,0.369600692911
AndyWoodhull,144,145,1,131,144,3931,4320,-0.242015,0.196187,-0.978122,-0.405055,0.151114,-0.980377,-157.926,-19.6991,441.985,-0.398852,-0.402543,-0.195792,1.77786,-0.38489,-0.433164,-0.197169,341.004,324.273,0.0,0.0,0.0,0.0,0.0,0.0,0.0,0.0,0.0,0.0,0.0,0.0,0.0,0.0,0.0,0.0,0.0,0.0,0.0,0.0,0.0,0.0,0.0,0.0,0.0,0.0,0.0,0.0,0.0,0.0,0.0,0.0,0.0,0.0,0.0,0.568564888871,0.372619903732
AndyWoodhull,154,155,1,145,154,4351,4620,-0.145183,0.154452,-0.97984,-0.357821,0.161904,-0.986191,-94.8055,-30.0471,446.472,-0.359787,-0.550363,-0.28805,1.76004,-0.329058,-0.561928,-0.289961,466.427,303.746,0.0,0.0,0.0,0.0,0.0,0.0,0.0,0.0,0.133134,0.0,0.0,0.0,0.0,0.0,0.0,0.0,0.0,0.0,0.0,0.0,0.0,0.0,0.0,0.0,0.0,0.0,0.0,0.0,0.0,0.0,0.0,0.0,0.0,0.0,0.0,0.523895570955,0.248321688358
AndyWoodhull,157,158,1,155,157,4651,4710,-0.0718868,0.216314,-0.975092,-0.310963,0.232231,-0.961389,12.6657,-20.0986,455.782,-0.194612,-0.212002,-0.108058,1.77826,-0.165324,-0.200941,-0.109354,664.993,323.624,0.0,0.0,0.0,0.0,0.0,0.0,0.0,0.0,0.17932,0.0,0.0,0.0,0.0,0.0,0.0,0.0,0.0,0.0,0.0,0.0,0.0,0.0,0.0,0.0,0.0,0.0,0.0,0.0,0.0,0.0,0.0,0.0,0.0,0.0,0.0,0.640101459733,0.483765398807
AndyWoodhull,166,168,1,158,166,4741,4980,-0.0775364,0.103341,-0.99073,-0.32099,0.187143,-0.980667,-97.3872,-24.6847,440.665,-0.253125,-0.277941,-0.254685,1.77673,-0.211961,-0.291777,-0.263567,454.287,313.568,0.0,0.0,0.0,0.0,0.0,0.0,0.0,0.0,0.0,0.0,0.0,0.0,0.0,0.0,0.0,0.0,0.0,0.0,0.0,0.0,0.0,0.0,0.0,0.0,0.0,0.0,0.0,0.0,0.0,0.0,0.0,0.0,0.0,0.0,0.0,0.53990731888,0.499824714579
AndyWoodhull,173,174,1,168,173,5041,5190,-0.0920608,0.170051,-0.973733,-0.303825,0.179175,-0.972327,-187.733,-5.98741,440.749,-0.21072,-0.560468,-0.298071,1.78902,-0.18643,-0.608805,-0.314346,303.305,349.704,0.0,0.0,0.0,0.0,0.0,0.0,0.0,0.0,0.227058,0.0,0.0,0.0,0.0,0.0,0.0,0.0,0.0,0.0,0.0,0.0,0.0,0.0,0.0,0.0,0.0,0.0,0.0,0.0,0.0,0.0,0.0,0.0,0.0,0.0,0.0,0.596719523927,0.294073094367
AndyWoodhull,177,181,1,174,177,5221,5310,-0.235183,0.0,-1.0,-0.268654,0.0,-1.0,61.8776,-16.8695,409.315,-0.116253,-0.325771,-0.514128,1.80973,-0.0965592,-0.327527,-0.520033,770.757,327.998,0.0,0.0,0.0,0.0,0.0,0.0,0.0,0.0,0.0,0.0,0.0,0.0,0.0,0.0,0.0,0.0,0.0,0.0,0.0,0.0,0.0,0.0,0.0,0.0,0.0,0.0,0.0,0.0,0.0,0.0,0.0,0.0,0.0,0.0,0.0,0.527726603035,0.373048409607
AndyWoodhull,186,187,1,181,186,5431,5580,0.0353402,0.170898,-0.978985,-0.208717,0.191897,-0.975612,-144.517,0.911814,467.701,-0.0454324,-0.457656,-0.180552,1.73833,-0.0362099,-0.488696,-0.180342,374.407,361.813,0.0,0.0,0.0,0.0,0.0,0.0,0.0,0.0,0.0123375,0.0,0.0,0.0,0.0,0.0,0.0,0.0,0.0,0.0,0.0,0.0,0.0,0.0,0.0,0.0,0.0,0.0,0.0,0.0,0.0,0.0,0.0,0.0,0.0,0.0,0.0,0.423996706035,0.320676300716
AndyWoodhull,199,200,1,187,199,5611,5970,-0.222195,0.182135,-0.980535,-0.468791,0.185863,-0.979092,-86.9269,-11.4733,446.835,-0.241349,-0.569237,-0.243758,1.75842,-0.227757,-0.585419,-0.251799,474.401,339.068,0.0,0.0,0.0,0.0,0.0,0.0,0.0,0.0,0.0,0.0,0.0,0.0,0.0,0.0,0.0,0.0,0.0,0.0,0.0,0.0,0.0,0.0,0.0,0.0,0.0,0.0,0.0,0.0,0.0,0.0,0.0,0.0,0.0,0.0,0.0,0.430788205137,0.215986054735
AndyWoodhull,203,204,1,200,203,6001,6090,-0.274713,0.203631,-0.966584,-0.398503,0.195983,-0.95802,39.0945,-14.3685,452.208,-0.2099,-0.3607,-0.0737042,1.82891,-0.183829,-0.344341,-0.0691983,716.045,334.201,0.0,0.0,0.0,0.0,0.0,0.0,0.0,0.0,0.14009,0.0,0.0,0.0,0.0,0.0,0.0,0.0,0.0,0.0,0.0,0.0,0.0,0.0,0.0,0.0,0.0,0.0,0.0,0.0,0.0,0.0,0.0,0.0,0.0,0.0,0.0,0.501126743588,0.410101170171
AndyWoodhull,207,208,1,204,207,6121,6210,0.0250183,0.202712,-0.954353,-0.146997,0.209773,-0.966132,-127.312,-10.8083,434.209,-0.207607,-0.252868,-0.162707,1.84382,-0.168777,-0.295549,-0.162983,396.025,339.345,0.0,0.0,0.0,0.0,0.0,0.0,0.0,0.0,0.0,0.0,0.0,0.0,0.0,0.0,0.0,0.0,0.0,0.0,0.0,0.0,0.0,0.0,0.0,0.0,0.0,0.0,0.0,0.0,0.0,0.0,0.0,0.0,0.0,0.0,0.0,0.660715581538,0.422828201606
AndyWoodhull,212,213,1,208,212,6241,6360,-0.256699,0.170145,-0.979817,-0.490537,0.169399,-0.974832,65.1351,-11.0224,437.373,-0.144382,-0.49231,-0.234235,1.7973,-0.13971,-0.526626,-0.233678,763.037,339.558,0.0,0.0,0.0,0.0,0.0,0.0,0.0,0.0,0.563414,0.0,0.0,0.0,0.0,0.0,0.0,0.0,0.0,0.0,0.0,0.0,0.0,0.0,0.0,0.0,0.0,0.0,0.0,0.0,0.0,0.0,0.0,0.0,0.0,0.0,0.0,0.549823200474,0.338771819729
AndyWoodhull,225,230,1,213,225,6391,6750,-0.227373,0.199111,-0.979515,-0.435178,0.140971,-0.987843,-110.275,-7.76645,436.217,-0.227744,-0.565782,-0.197693,1.76203,-0.198358,-0.599902,-0.198161,432.438,344.359,0.0,0.0,0.0,0.0,0.0,0.0,0.0,0.0,0.0,0.0,0.0,0.0,0.0,0.0,0.0,0.0,0.0,0.0,0.0,0.0,0.0,0.0,0.0,0.0,0.0,0.0,0.0,0.0,0.0,0.0,0.0,0.0,0.0,0.0,0.0,0.632928620972,0.363377561376
AndyWoodhull,235,236,1,230,235,6901,7050,-0.153013,0.188583,-0.980189,-0.31333,0.156289,-0.980976,-32.6199,-6.85987,434.513,-0.241094,-0.480189,-0.158806,1.82961,-0.221074,-0.530932,-0.165297,576.101,347.158,0.0,0.0,0.0,0.0,0.0,0.0,0.0,0.0,0.0143243,0.0,0.0,0.0,0.0,0.0,0.0,0.0,0.0,0.0,0.0,0.0,0.0,0.0,0.0,0.0,0.0,0.0,0.0,0.0,0.0,0.0,0.0,0.0,0.0,0.0,0.0,0.629473795525,0.335601634731
AndyWoodhull,241,242,1,236,241,7081,7230,-0.183345,0.177935,-0.981594,-0.367125,0.191133,-0.980875,-68.8729,-15.4113,438.18,-0.324122,-0.233857,-0.0817548,1.8054,-0.310427,-0.256825,-0.0831152,507.035,331.449,0.0,0.0,0.0,0.0,0.0,0.0,0.0,0.0,0.0,0.0,0.0,0.0,0.0,0.0,0.0,0.0,0.0,0.0,0.0,0.0,0.0,0.0,0.0,0.0,0.0,0.0,0.0,0.0,0.0,0.0,0.0,0.0,0.0,0.0,0.0,0.544108800447,0.477660786873
AndyWoodhull,246,247,1,242,246,7261,7380,-0.14834,0.219928,-0.971833,-0.345785,0.108771,-0.993567,-65.0446,-13.1742,439.41,-0.302894,-0.633909,-0.0942016,1.78875,-0.275418,-0.669985,-0.0980093,517.297,334.788,0.0,0.0,0.0,0.0,0.0,0.0,0.0,0.0,0.376908,0.0,0.0,0.0,0.0,0.0,0.0,0.0,0.0,0.0,0.0,0.0,0.0,0.0,0.0,0.0,0.0,0.0,0.0,0.0,0.0,0.0,0.0,0.0,0.0,0.0,0.0,0.544934492178,0.071009915223
AndyWoodhull,274,285,2,247,274,7411,8220,-0.181208,0.172405,-0.984579,-0.407538,0.177148,-0.97775,-160.846,-17.9005,418.078,-0.273304,-0.435157,-0.24213,1.82206,-0.241918,-0.469012,-0.243312,339.851,325.18,0.0,0.0,0.0,0.0,0.0,0.0,0.0,0.0,0.0,0.0,0.0,0.0,0.0,0.0,0.0,0.0,0.0,0.0,0.0,0.0,0.0,0.0,0.0,0.0,0.0,0.0,0.0,0.0,0.0,0.0,0.0,0.0,0.0,0.0,0.0,0.457121338159,0.343614921338
AndyWoodhull,288,289,1,285,288,8551,8640,-0.0595579,0.157719,-0.986455,-0.246567,0.136639,-0.988097,-91.355,-5.02204,432.803,-0.120912,-0.732819,-0.127381,1.85654,-0.149251,-0.753284,-0.134057,466.732,350.801,0.0,0.0,0.0,0.0,0.0,0.0,0.0,0.0,0.176109,0.0,0.0,0.0,0.0,0.0,0.0,0.0,0.0,0.0,0.0,0.0,0.0,0.0,0.0,0.0,0.0,0.0,0.0,0.0,0.0,0.0,0.0,0.0,0.0,0.0,0.0,0.507356571065,0.0
AndyWoodhull,293,294,1,289,293,8671,8790,-0.210305,0.162102,-0.977032,-0.426854,0.117008,-0.980318,-60.6766,-0.932093,435.498,-0.248431,-0.404519,-0.20256,1.83564,-0.212651,-0.416734,-0.204322,521.958,359.493,0.0,0.0,0.0,0.0,0.0,0.0,0.0,0.0,0.0,0.0,0.0,0.0,0.0,0.0,0.0,0.0,0.0,0.0,0.0,0.0,0.0,0.0,0.0,0.0,0.0,0.0,0.0,0.0,0.0,0.0,0.0,0.0,0.0,0.0,0.0,0.662537107137,0.40384178929
AndyWoodhull,301,312,2,294,301,8821,9030,-0.300138,0.147405,-0.985047,-0.421022,0.163839,-0.974858,-85.423,-13.6686,436.046,-0.26576,-0.423051,-0.304978,1.71232,-0.305156,-0.444503,-0.31227,482.264,334.793,0.0,0.0,0.0,0.0,0.0,0.0,0.0,0.0,0.0,0.0,0.0,0.0,0.0,0.0,0.0,0.0,0.0,0.0,0.0,0.0,0.0,0.0,0.0,0.0,0.0,0.0,0.0,0.0,0.0,0.0,0.0,0.0,0.0,0.0,0.0,0.28560448444,0.355739752513
AndyWoodhull,319,321,2,312,319,9361,9570,-0.149061,0.192333,-0.979325,-0.391047,0.179532,-0.974931,-74.4758,-0.935963,418.498,-0.29773,-0.419165,-0.221204,1.84032,-0.27332,-0.43982,-0.225873,496.816,360.083,0.0,0.0,0.0,0.0,0.0,0.0,0.0,0.0,0.0,0.0,0.0,0.0,0.0,0.0,0.0,0.0,0.0,0.0,0.0,0.0,0.0,0.0,0.0,0.0,0.0,0.0,0.0,0.0,0.0,0.0,0.0,0.0,0.0,0.0,0.0,0.626472823878,0.276052170075
AndyWoodhull2,2,5,1,0,2,1,60,-0.129663,0.0,-1.0,-0.367706,0.0,-1.0,0.0,-20.4015,0.0,-0.0929418,-0.730418,-0.131822,0.0,-0.095295,-0.74018,-0.137197,0.0,0.0,0.0,0.0,0.0,0.0,0.0,0.0,0.0,0.0,0.0,0.0,0.0,0.0,0.0,0.0,0.0,0.0,0.0,0.0,0.0,0.0,0.0,0.0,0.0,0.0,0.0,0.0,0.0,0.0,0.0,0.0,0.0,0.0,0.0,0.0,0.0,0.0,0.0
AndyWoodhull2,26,27,1,5,26,151,780,-0.196876,0.0,-1.0,-0.417829,0.0,-1.0,-117.28,-23.347,0.0,-0.254827,-0.807786,-0.310816,0.0,-0.233919,-0.83016,-0.315952,0.0,0.0,0.0,0.0,0.0,0.0,0.0,0.0,0.0,0.0,0.0,0.0,0.0,0.0,0.0,0.0,0.0,0.0,0.0,0.0,0.0,0.0,0.0,0.0,0.0,0.0,0.0,0.0,0.0,0.0,0.0,0.0,0.0,0.0,0.0,0.0,0.0,0.0,0.0
AndyWoodhull2,31,32,1,27,31,811,930,-0.0812931,0.176075,-0.98382,-0.292964,0.175338,-0.977568,15.7456,-9.2387,442.701,-0.0550227,-0.858743,-0.205919,1.82278,-0.0847023,-0.863452,-0.215324,669.165,342.701,0.0,0.0,0.0,0.0,0.0,0.0,0.0,0.000945596,0.0,0.0,0.0,0.0,0.0,0.0,0.0,0.0,0.0,0.0,0.0,0.0,0.0,0.0,0.0,0.0,0.0,0.0,0.0,0.0,0.0,0.0,0.0,0.0,0.0,0.0,0.0,0.583378466446,0.116981531314
AndyWoodhull2,38,43,1,32,38,961,1140,0.0441551,0.159424,-0.981874,-0.209142,0.18105,-0.979527,-127.146,-15.6349,413.222,-0.17075,-0.664418,-0.181512,1.81432,-0.166653,-0.695454,-0.183362,403.384,331.82,0.0,0.0,0.0,0.0,0.0,0.0,0.0,0.0,0.0,0.0,0.0,0.0,0.0,0.0,0.0,0.0,0.0,0.0,0.0,0.0,0.0,0.0,0.0,0.0,0.0,0.0,0.0,0.0,0.0,0.0,0.0,0.0,0.0,0.0,0.0,0.544484981697,0.356145983404
AndyWoodhull2,49,50,1,43,49,1291,1470,-0.217117,0.158818,-0.981459,-0.382026,0.114592,-0.980237,-91.9598,-8.43665,400.962,-0.536488,-0.799774,-0.409217,1.75391,-0.551022,-0.822664,-0.433786,465.256,345.007,0.0,0.0,0.0,0.0,0.0,0.0,0.0,0.0,0.0,0.0,0.0,0.0,0.0,0.0,0.0,0.0,0.0,0.0,0.0,0.0,0.0,0.0,0.0,0.0,0.0,0.0,0.0,0.0,0.0,0.0,0.0,0.0,0.0,0.0,0.0,0.550411294764,0.0997488305293
AndyWoodhull2,54,55,1,50,54,1501,1620,0.102853,0.179299,-0.970362,-0.198445,0.210206,-0.977614,-105.721,-11.2501,424.371,-0.141695,-0.432602,-0.0993149,1.8487,-0.120039,-0.462898,-0.0986141,435.711,336.781,0.0,0.0,0.0,0.0,0.0,0.0936626,0.0,0.0,0.0,0.0,0.0,0.0,0.0,0.0,0.0,0.0,0.0,0.0,0.0,0.0,0.0,0.0,0.0,0.0,0.0,0.0,0.0,0.0,0.0,0.0,0.0,0.0,0.0,0.0,0.0,0.672737800974,0.417365429544
AndyWoodhull2,62,64,1,55,62,1651,1860,-0.0883351,0.136079,-0.982247,-0.343167,0.16779,-0.982789,-140.042,-9.51339,418.647,-0.0680949,-0.701514,-0.239268,1.83533,-0.0351157,-0.708046,-0.250683,371.236,341.686,0.0,0.0,0.0,0.0,0.0,0.0,0.0,0.0,0.0,0.0,0.0,0.0,0.0,0.0,0.0,0.0,0.0,0.0,0.0,0.0,0.0,0.0,0.0,0.0,0.0,0.0,0.0,0.0,0.0,0.0,0.0,0.0,0.0,0.0,0.0,0.587536784878,0.328812244799
AndyWoodhull2,83,84,1,64,83,1921,2490,-0.244042,0.119319,-0.986636,-0.438237,0.102825,-0.989503,-99.6362,-18.6177,416.906,-0.212806,-0.777934,-0.340968,1.76875,-0.182587,-0.798318,-0.351948,443.715,324.406,0.0,0.0,0.0,0.0,0.0,0.0,0.0,0.0,0.0,0.0,0.0,0.0,0.0,0.0,0.0,0.0,0.0,0.0,0.0,0.0,0.0,0.0,0.0,0.0,0.0,0.0,0.0,0.0,0.0,0.0,0.0,0.0,0.0,0.0,0.0,0.63693451652,0.13723078634
AndyWoodhull2,88,89,1,84,88,2521,2640,-0.121482,0.205665,-0.976556,-0.291969,0.173918,-0.968914,77.2829,-17.4326,425.059,0.00438489,-0.889262,-0.16339,1.68604,-0.0300679,-0.90432,-0.173097,789.856,328.252,0.0,0.0,0.419491,0.0,0.0,0.0,0.0,0.599952,0.0,0.0,0.0,0.0,0.0,0.0,0.966648,0.0,0.0,0.0,0.0,0.0,0.0,0.0,0.0,0.0,0.0,0.0,0.0,0.0,0.0,0.0,0.0,0.0,0.0,0.0,0.0,0.624856734971,0.0579353140826
AndyWoodhull2,100,102,1,89,100,2671,3000,-0.208902,0.138842,-0.983953,-0.453527,0.168658,-0.982749,-64.9052,-15.5798,448.346,-0.256055,-0.794897,-0.213999,1.71283,-0.210932,-0.811447,-0.222469,516.211,331.499,0.0,0.0,0.0,0.0,0.0,0.0,0.0,0.0,0.0,0.0,0.0,0.0,0.0,0.0,0.0,0.0,0.0,0.0,0.0,0.0,0.0,0.0,0.0,0.0,0.0,0.0,0.0,0.0,0.0,0.0,0.0,0.0,0.0,0.0,0.0,0.58031498191,0.114408576455
AndyWoodhull2,120,121,1,102,120,3061,3600,-0.128867,0.12899,-0.98967,-0.340018,0.177339,-0.983569,-169.853,-16.0303,443.522,-0.302903,-0.787649,-0.300808,1.79231,-0.272679,-0.814669,-0.301618,318.913,331.31,0.0,0.0,0.0,0.0,0.0,0.0,0.0,0.0,0.0,0.0,0.0,0.0,0.0,0.0,0.0,0.0,0.0,0.0,0.0,0.0,0.0,0.0,0.0,0.0,0.0,0.0,0.0,0.0,0.0,0.0,0.0,0.0,0.0,0.0,0.0,0.649337779651,0.126371368872
AndyWoodhull2,128,130,1,121,128,3631,3840,-0.167171,0.149001,-0.983424,-0.432601,0.164404,-0.985015,-69.596,-13.5364,451.356,-0.147309,-0.75702,-0.191847,1.78223,-0.1244,-0.777356,-0.192809,511.153,335.411,0.0,0.0,0.0,0.0,0.0,0.0,0.0,0.0,0.0,0.0,0.0,0.0,0.0,0.0,0.0,0.0,0.0,0.0,0.0,0.0,0.0,0.0,0.0,0.0,0.0,0.0,0.0,0.0,0.0,0.0,0.0,0.0,0.0,0.0,0.0,0.642112812144,0.131551029095
AndyWoodhull2,132,133,1,130,132,3901,3960,-0.125243,0.13894,-0.990114,-0.366542,0.138985,-0.965017,50.2549,-2.8661,461.919,-0.0732283,-0.832949,-0.156834,1.72453,-0.0855354,-0.841488,-0.15123,734.399,355.17,0.0,0.0,0.0,0.0,0.0,0.0,0.0,0.0,0.0,0.0263089,0.0,0.0769894,0.0,0.0,0.0,0.0,0.0,0.0,0.0,0.0,0.0,0.0,0.0,0.0,0.0,0.0,0.0,0.0,1.0,0.0,0.0,0.0,0.0,0.0,0.0,0.527403394731,0.131697593621
AndyWoodhull2,136,137,1,133,136,3991,4080,-0.13778,0.164463,-0.982192,-0.403385,0.149051,-0.971739,94.8439,-22.3366,468.334,-0.112685,-0.819865,-0.103559,1.7185,-0.106908,-0.82423,-0.1113,814.318,320.346,0.0,0.0,0.0,0.0,0.0,0.0,0.0,0.207748,0.0,0.0,0.0,0.620352,0.0,0.0,0.0,0.0,0.0,0.0,0.0,0.0,0.0,0.0,0.0,0.0,0.0,0.0,0.0,0.0,1.0,0.0,0.0,0.0,0.0,0.0,0.0,0.589973373256,0.123133977127
AndyWoodhull2,142,143,1,137,142,4111,4260,-0.0615717,0.114904,-0.981181,-0.312357,0.156887,-0.987249,-42.8265,-5.12399,433.51,-0.255481,-0.663617,-0.165418,1.79285,-0.226209,-0.691286,-0.16977,560.459,351.419,0.0,0.0,0.0,0.0,0.0,0.0,0.0,0.0,0.0,0.0,0.0,0.391184,0.0,0.0,0.0,0.0,0.0,0.0,0.0,0.0,0.0,0.0,0.0,0.0,0.0,0.0,0.0,0.0,1.0,0.0,0.0,0.0,0.0,0.0,0.0,0.582033099678,0.230447643037
AndyWoodhull2,152,153,1,143,152,4291,4560,-0.265457,0.0991198,-0.986635,-0.506706,0.132871,-0.990833,-81.5338,-18.1364,448.195,-0.222941,-0.707772,-0.189808,1.7763,-0.22216,-0.744819,-0.196276,492.056,326.745,0.0,0.0,0.0,0.0,0.0,0.0,0.0,0.0,0.0,0.0,0.0,0.0,0.0,0.0,0.0,0.0,0.0,0.0,0.0,0.0,0.0,0.0,0.0,0.0,0.0,0.0,0.0,0.0,0.0,0.0,0.0,0.0,0.0,0.0,0.0,0.536463177423,0.180868101889
AndyWoodhull2,159,160,1,153,159,4591,4770,-0.0900762,0.100422,-0.993186,-0.285635,0.0949036,-0.989434,-78.3647,-21.0337,406.24,-0.203507,-0.74438,-0.222719,1.79879,-0.176435,-0.777458,-0.226478,490.308,319.07,0.0,0.0,0.0,0.0,0.0,0.0,0.0,0.0,0.0,0.0,0.0,0.134724,0.0,0.0,0.0,0.0,0.0,0.0,0.0,0.0,0.0,0.0,0.0,0.0,0.0,0.0,0.0,0.0,0.0,0.0,0.0,0.0,0.0,0.0,0.0,0.575178776592,0.274857840435
AndyWoodhull2,163,170,1,160,163,4801,4890,-0.0493614,0.152223,-0.985082,-0.293217,0.187047,-0.979712,-97.2106,-2.24833,443.966,-0.0271459,-0.689276,-0.146521,1.83573,-0.000894536,-0.721727,-0.149782,455.628,354.914,0.0,0.0,0.0,0.0,0.0,0.0,0.0,0.0,0.0,0.0,0.0,0.0,0.0,0.0,0.0,0.0,0.0,0.0,0.0,0.0,0.0,0.0,0.0,0.0,0.0,0.0,0.0,0.0,0.0,0.0,0.0,0.0,0.0,0.0,0.0,0.508877343764,0.276262648907
AndyWoodhull2,186,187,1,170,186,5101,5580,-0.094063,0.119677,-0.991729,-0.364832,0.0540197,-0.982708,-165.655,-28.1122,426.306,-0.285636,-0.742472,-0.362481,1.78141,-0.302113,-0.765653,-0.372766,319.747,309.93,0.0,0.0,0.0,0.0,0.0,0.0,0.0,0.0,0.0,0.0,0.0,0.0,0.0,0.0,0.0,0.0,0.0,0.0,0.0,0.0,0.0,0.0,0.0,0.0,0.0,0.0,0.0,0.0,0.0,0.0,0.0,0.0,0.0,0.0,0.0,0.616541556595,0.155902112351
AndyWoodhull2,200,201,1,187,200,5611,6000,-0.0447665,0.133679,-0.984179,-0.297382,0.151105,-0.987133,-100.996,-17.1157,436.998,-0.267588,-0.596267,-0.178465,1.76472,-0.243824,-0.628202,-0.182338,451.604,328.274,0.0,0.0,0.0,0.0,0.0,0.0,0.0,0.0,0.0,0.0,0.0,0.0,0.0,0.0,0.0,0.0,0.0,0.0,1.0,0.0,0.0,0.0,0.0,0.0,0.0,0.0,0.0,0.0,0.0,0.0,0.0,0.0,0.0,0.0,0.0,0.696320335662,0.35618583425
AndyWoodhull2,204,205,1,201,204,6031,6120,-0.0838269,0.161591,-0.982555,-0.311115,0.174269,-0.96868,45.4571,-5.10227,422.291,-0.136115,-0.831253,-0.189105,1.82228,-0.143303,-0.855029,-0.195939,727.152,349.953,0.0,0.0,0.0,0.0,0.0,0.0,0.0,0.0,0.0,0.0,0.0,0.0,0.0,0.0,0.0,0.0,0.0,0.0,0.0,0.0,0.0,0.0,0.0,0.0,0.0,0.0,0.0,0.0,0.0,0.0,0.0,0.0,0.0,0.0,0.0,0.751780361055,0.128477599399
AndyWoodhull2,210,211,1,205,210,6151,6300,-0.0368576,0.111617,-0.989497,-0.344932,0.140801,-0.985686,-59.6906,-7.28125,356.723,-0.138727,-0.834334,-0.147678,1.72405,-0.137095,-0.84017,-0.150397,529.298,346.818,0.0,0.0,0.0,0.0,0.0,0.0,0.0,0.0,0.0,0.0,0.0,0.0,0.0,0.0,0.0,0.0,0.0,0.0,0.0,0.0,0.0,0.0,0.0,0.0,0.0,0.0,0.0,0.0,0.0,0.0,0.0,0.0,0.0,0.0,0.0,0.643052076164,0.0893329729863
AndyWoodhull2,220,221,1,211,220,6331,6600,-0.120187,0.149188,-0.987883,-0.379854,0.150514,-0.988047,-132.349,-11.9515,435.2,-0.117282,-0.636506,-0.256062,1.76613,-0.09821,-0.667366,-0.255875,389.427,337.897,0.0,0.0,0.0,0.0,0.0,0.0,0.0,0.0,0.0,0.0,0.0,0.0,0.0,0.0,0.0,0.0,0.0,0.0,1.0,0.0,0.0,0.0,0.0,0.0,0.0,0.0,0.0,0.0,0.0,0.0,0.0,0.0,0.0,0.0,0.0,0.662019278102,0.272676523403
AndyWoodhull2,230,238,1,221,230,6631,6900,-0.0855392,0.18336,-0.98302,-0.322681,0.134893,-0.98127,-87.4754,1.0009,432.144,-0.0270698,-0.757128,-0.162248,1.75896,-0.0123934,-0.791469,-0.163355,475.999,361.672,0.0,0.0,0.0,0.0,0.0,0.0,0.0,0.0,0.0,0.0,0.0,0.0,0.0,0.0,0.0,0.0,0.0,0.0,0.0,0.0,0.0,0.0,0.0,0.0,0.0,0.0,0.0,0.0,0.0,0.0,0.0,0.0,0.0,0.0,0.0,0.643230053652,0.0854196132574
AndyWoodhull2,253,255,2,238,253,7141,7590,-0.119993,0.125411,-0.9841,-0.30745,0.161028,-0.983422,-112.72,-24.1491,453.281,-0.30969,-0.83039,-0.341,1.6616,-0.265758,-0.83883,-0.351165,426.396,316.838,0.0,0.0,0.0,0.0,0.0,0.0,0.0,0.0,0.0,0.0,0.0,0.0,0.0,0.0,0.0,0.0,0.0,0.0,0.0,0.0,0.0,0.0,0.0,0.0,0.0,0.0,0.0,0.0,0.0,0.0,0.0,0.0,0.0,0.0,0.0,0.619932890341,0.080378430625
AndyWoodhull2,258,259,2,255,258,7651,7740,0.0217347,0.174558,-0.975821,-0.279364,0.174593,-0.975526,-51.9063,-17.5021,461.551,-0.267317,-0.78382,-0.114541,1.72139,-0.232854,-0.809323,-0.118669,543.478,328.562,0.0,0.0,0.0,0.0,0.0,0.0,0.0,0.0,0.0,0.0,0.0,0.002464,0.0,0.0,0.0,0.0,0.0,0.0,0.0,0.0,0.0,0.0,0.0,0.0,0.0,0.0,0.0,0.0,0.0,0.0,0.0,0.0,0.0,0.0,0.0,0.676017499806,0.104881861446
AndyWoodhull2,264,266,2,259,264,7771,7920,0.0389297,0.109803,-0.976926,-0.186416,0.121436,-0.991895,-99.9397,-8.45917,440.979,-0.159415,-0.739911,-0.192837,1.75793,-0.126985,-0.764205,-0.197581,443.822,344.486,0.0,0.0,0.0,0.0,0.0,0.0,0.0,0.0,0.0,0.0,0.0,0.0,0.0,0.0,0.0,0.0,0.0,0.0,0.0,0.0,0.0,0.0,0.0,0.0,0.0,0.0,0.0,0.0,0.0,0.0,0.0,0.0,0.0,0.0,0.0,0.568000295943,0.180124461218
AndyWoodhull2,281,282,1,266,281,7981,8430,-0.147303,0.105633,-0.989173,-0.341081,0.109774,-0.993758,-55.715,-15.9483,426.753,-0.182006,-0.834075,-0.306193,1.75405,-0.212608,-0.847062,-0.317519,535.184,329.594,0.0,0.0,0.0,0.0,0.0,0.0,0.0,0.0,0.0,0.0,0.0,0.0,0.0,0.0,0.0,0.0,0.0,0.0,0.0,0.0,0.0,0.0,0.0,0.0,0.0,0.0,0.0,0.0,0.0,0.0,0.0,0.0,0.0,0.0,0.0,0.566170132417,0.0914010362575
AndyWoodhull2,292,293,1,282,292,8461,8760,-0.141046,0.134904,-0.983299,-0.365807,0.153571,-0.978634,-142.921,-10.504,430.825,-0.119727,-0.829667,-0.421018,1.73189,-0.0823224,-0.838788,-0.435719,369.896,341.499,0.0,0.0,0.0,0.0,0.0,0.0,0.0,0.0,0.0,0.0,0.0,0.0,0.0,0.0,0.0,0.0,0.0,0.0,0.0,0.0,0.0,0.0,0.0,0.0,0.0,0.0,0.0,0.0,0.0,0.0,0.0,0.0,0.0,0.0,0.0,0.631017224114,0.101521765316
AparnaNancherla1,14,16,2,0,14,1,420,-0.0575976,0.179707,-0.979698,-0.205322,0.0681526,-0.996825,-48.7483,-199.47,780.11,-0.290423,-0.343614,-0.333276,0.998043,-0.282916,-0.37232,-0.335282,586.422,154.857,0.0,0.0,0.0,0.0,0.0,0.0,0.0,0.0,0.0,0.0,0.0,0.0,0.0,0.0,0.0,0.0,0.0,0.0,0.0,0.0,0.0,0.0,0.0,0.0,0.0,0.0,0.0,0.0,0.0,0.0,0.0,0.0,0.0,0.0,0.0,0.367733877709,0.358667865078
AparnaNancherla1,19,21,2,16,19,481,570,0.0,0.0,-1.0,-0.126955,0.0,-1.0,-30.5076,-181.357,827.86,-0.0828452,0.0987728,-0.146744,1.04711,-0.055213,0.118003,-0.145492,608.177,170.176,0.0,0.0,0.0,0.0,0.0,0.0,0.0,0.0,0.0,0.0,0.0,0.0,0.0,0.0,0.0,0.0,0.0,0.0,0.0,0.0,0.0,0.0,0.0,0.0,0.0,0.0,0.0,0.0,0.0,0.0,0.0,0.0,0.0,0.0,0.0,0.425876071203,0.487491911639
AparnaNancherla1,22,23,2,21,22,631,660,0.0,0.0,-1.0,0.0,0.0,-1.0,0.0,0.0,0.0,0.0,0.0,0.0,0.0,0.0,0.0,0.0,0.0,0.0,0.0,0.0,0.0,0.0,0.0,0.0,0.0,0.0,0.0,0.0,0.0,0.0,0.0,0.0,0.0,0.0,0.0,0.0,0.0,0.0,0.0,0.0,0.0,0.0,0.0,0.0,0.0,0.0,0.0,0.0,0.0,0.0,0.0,0.0,0.0,0.0,0.0
AparnaNancherla1,36,37,2,23,36,691,1080,0.0,0.0,-1.0,0.0,0.0,-1.0,0.0,0.0,0.0,0.0,0.0,0.0,0.0,0.0,0.0,0.0,0.0,0.0,0.0,0.0,0.0,0.0,0.0,0.0,0.0,0.0,0.0,0.0,0.0,0.0,0.0,0.0,0.0,0.0,0.0,0.0,0.0,0.0,0.0,0.0,0.0,0.0,0.0,0.0,0.0,0.0,0.0,0.0,0.0,0.0,0.0,0.0,0.0,0.0,0.0
ForrestShaw,8,9,0,0,8,1,240,-0.0535545,0.136382,-0.988927,-0.341716,0.194693,-0.972626,23.1663,16.556,477.334,0.0457092,-0.0540736,-0.0613873,1.70339,0.0701832,-0.0514183,-0.0618109,681.687,388.561,0.0,0.0,0.136331,0.0,0.0,0.0,0.0,0.0,0.0,0.292761,0.0,0.0,0.0,0.0,0.0,0.251242,0.0,0.0,0.0,0.0,0.0,0.0,0.0,0.0,0.0,0.0,1.0,0.0,0.0,0.0,0.0,0.0,0.0,0.0,0.0,0.357712061863,0.725009657143
ForrestShaw,14,15,0,9,14,271,420,-0.114162,0.138511,-0.988844,-0.443803,0.136893,-0.974379,26.7555,17.8971,481.454,0.0486022,-0.0842325,-0.0509905,1.66019,0.0714304,-0.0827034,-0.0508178,687.224,391.093,0.0,0.0,0.12542,0.0,0.0,0.0,0.0,0.0,0.0,0.299703,0.0,0.0,0.0,0.0,0.0,0.0,0.0,0.0,0.0,0.0,0.0,0.0,0.0,0.0,0.0,0.0,1.0,0.0,0.0,0.0,0.0,0.0,0.0,0.0,0.0,0.354136088473,0.729909647865
ForrestShaw,23,25,0,15,23,451,690,-0.143012,0.115959,-0.989014,-0.456686,0.138114,-0.981607,-2.28387,3.3036,478.768,-0.0687133,-0.120119,-0.113883,1.67448,-0.0430426,-0.117802,-0.115576,636.098,366.052,0.0,0.0,0.0,0.0,0.0,0.0,0.0,0.0,0.0,0.192202,0.0,0.0,0.0,0.0,0.0,0.0,0.0,0.0,0.0,0.0,0.0,0.0,0.0,0.0,0.0,0.0,1.0,0.0,0.0,0.0,0.0,0.0,0.0,0.0,0.0,0.345794284334,0.696179541466
ForrestShaw,27,29,0,25,27,751,810,0.0210652,0.195668,-0.979859,-0.287201,0.206717,-0.972115,-15.2099,21.3697,480.868,0.0180766,0.0617601,-0.0821582,1.69962,0.0261437,0.0777592,-0.0868843,613.885,398.054,0.0,0.0,0.51562,0.0,0.0,0.0,0.0,0.0,0.0,0.0887048,0.0,0.0,0.0,0.0,0.0962012,0.152188,0.0,0.0,0.0,0.0,0.0,0.0,0.0,0.0,0.0,0.0,1.0,0.0,0.0,0.0,0.0,0.0,0.0,0.0,0.0,0.341842952618,0.729350766288
ForrestShaw,31,32,0,29,31,871,930,0.146741,0.154466,-0.975079,-0.113525,0.165402,-0.986226,24.4011,15.3775,492.643,0.0125571,-0.301502,-0.0632395,1.66175,0.0343461,-0.314707,-0.0613901,682.703,387.206,0.0,0.0,1.04934,0.0,0.0,0.0470665,0.0,0.0,0.0,0.18679,0.0,0.0,0.0,0.0,0.0,0.0,0.0,0.0,0.0,1.0,0.0,0.0,0.0,0.0,0.0,0.0,1.0,0.0,0.0,0.0,0.0,0.0,0.0,0.0,0.0,0.381758211792,0.556203696445
ForrestShaw,44,45,0,32,44,961,1320,-0.0372084,0.115451,-0.99079,-0.371882,0.17446,-0.980265,-9.10432,10.7323,478.09,-0.0431496,-0.16294,-0.178386,1.66832,-0.016812,-0.162431,-0.181935,623.812,378.775,0.0,0.0,0.0,0.0,0.0,0.0,0.0,0.0,0.0,0.0664539,0.0,0.0,0.0,0.0,0.0,0.0,0.0,0.0,0.0,0.0,0.0,0.0,0.0,0.0,0.0,0.0,0.0,0.0,0.0,0.0,0.0,0.0,0.0,0.0,0.0,0.350611508234,0.687082138171
ForrestShaw,53,55,0,45,53,1351,1590,-0.0775993,0.118877,-0.985955,-0.28775,0.186987,-0.97467,-20.9001,13.7075,465.312,-0.0179219,-0.196274,-0.157517,1.65791,-0.0028595,-0.191156,-0.161975,605.075,383.73,0.0,0.0,0.0,0.0,0.0,0.0,0.0,0.0,0.0,0.0466886,0.0,0.0,0.0,0.0,0.0,0.0,0.0,0.0,0.0,0.0,0.0,0.0,0.0,0.0,0.0,0.0,0.0,0.0,0.0,0.0,0.0,0.0,0.0,0.0,0.0,0.369528296012,0.652187760867
ForrestShaw,57,60,0,55,57,1651,1710,0.0476328,0.136566,-0.989041,-0.325917,0.19562,-0.973958,1.01792,9.78443,483.118,0.0348942,-0.0157379,-0.0726054,1.66679,0.0616404,-0.0153434,-0.0736123,642.054,376.844,0.0,0.0,0.0,0.0,0.0,0.0,0.0,0.0,0.0,0.893463,0.0,0.0,0.0,0.0,0.0,0.0,0.0,0.0,0.0,0.0,0.0,1.0,0.0,0.0,0.0,0.0,1.0,0.0,0.0,0.0,0.0,0.0,0.0,0.0,0.0,0.372990695483,0.73343380245
ForrestShaw,62,63,0,60,62,1801,1860,0.10366,0.101942,-0.980006,-0.162679,0.199793,-0.979798,-2.30207,14.0102,478.092,0.0620917,-0.133251,-0.0666351,1.67155,0.0841402,-0.150341,-0.0660483,635.889,384.692,0.0,0.0,0.0838368,0.0,0.0,0.0,0.0,0.0,0.0,1.01326,0.0,0.0,0.0,0.0,0.0,0.0,0.0,0.0,0.0,1.0,0.0,0.0,0.0,0.0,0.0,0.0,1.0,0.0,0.0,0.0,0.0,0.0,0.0,0.0,0.0,0.367370626824,0.704881946667
ForrestShaw,68,69,0,63,68,1891,2040,-0.0178096,0.100314,-0.989597,-0.213225,0.164199,-0.981114,-128.931,7.834,474.265,-0.0181297,-0.209449,-0.1467,1.65786,0.00239632,-0.232414,-0.150449,417.244,373.888,0.0,0.0,0.0,0.0,0.0,0.0,0.0,0.0,0.0,0.129472,0.0,0.0,0.0,0.0,0.0,0.0,0.0,0.0,0.0,0.0,0.0,0.0,0.0,0.0,0.0,0.0,1.0,0.0,0.0,0.0,0.0,0.0,0.0,0.0,0.0,0.360176110561,0.632730045594
ForrestShaw,74,82,0,69,74,2071,2220,-0.0209399,0.185676,-0.98089,-0.310857,0.206108,-0.971773,-44.315,4.62135,484.797,-0.0278472,-0.106779,-0.0271734,1.69101,-0.00189304,-0.114246,-0.0296775,562.596,368.374,0.0,0.0,0.259795,0.0,0.0,0.0,0.0,0.0,0.0,0.450866,0.0,0.0,0.0,0.0,0.0,0.0,0.00355599,0.0,0.0,0.0,0.0,0.0,0.0,0.0,0.0,0.0,1.0,0.0,0.0,0.0,0.0,0.0,0.0,0.0,0.0,0.380608706542,0.694634446406
ForrestShaw,84,87,0,82,84,2461,2520,0.00699364,0.189213,-0.981583,-0.271345,0.202351,-0.975327,1.52423,16.8437,469.658,0.129881,-0.193693,-0.0451818,1.68342,0.153477,-0.203654,-0.047108,642.992,389.842,0.0,0.0,0.180289,0.0,0.0,0.0,0.0,0.0,0.0,0.905951,0.0,0.0,0.0,0.0,0.0,0.0,0.0,0.0,0.0,1.0,0.0,0.0,0.0,0.0,0.0,0.0,1.0,0.0,0.0,0.0,0.0,0.0,0.0,0.0,0.0,0.366360248279,0.677124234667
ForrestShaw,93,94,0,87,93,2611,2790,0.0384905,0.160691,-0.982644,-0.237955,0.186269,-0.980611,-18.3183,5.72658,478.64,-0.0152605,-0.364074,-0.131499,1.68022,0.00461477,-0.391085,-0.132318,608.625,370.369,0.0,0.0,0.0,0.0,0.0,0.0,0.0,0.0,0.0,0.539453,0.0,0.0,0.0,0.0,0.0,0.0,0.0,0.0,0.0,0.0,0.0,0.0,0.0,0.0,0.0,0.0,1.0,0.0,0.0,0.0,0.0,0.0,0.0,0.0,0.0,0.369509834408,0.497629764804
ForrestShaw,103,104,0,94,103,2821,3090,0.0178788,0.14574,-0.984567,-0.251726,0.171178,-0.981277,-12.5677,6.04644,484.714,0.00284109,-0.107617,-0.102771,1.66191,0.0237365,-0.122234,-0.103903,618.258,370.321,0.0,0.0,0.0,0.0,0.0,0.0,0.0,0.0,0.0,0.407691,0.0,0.0,0.0,0.0,0.0,0.0,0.0,0.0,0.0,0.0,0.0,0.0,0.0,0.0,0.0,0.0,1.0,0.0,0.0,0.0,0.0,0.0,0.0,0.0,0.0,0.380809224649,0.707535294468
ForrestShaw,110,111,0,104,110,3121,3300,-0.0962728,0.142165,-0.989738,-0.393538,0.128738,-0.973805,-92.2592,6.80995,478.405,0.0503566,-0.0967826,-0.184888,1.70991,0.0749113,-0.101549,-0.190117,475.678,372.219,0.0,0.0,0.0,0.0,0.0,0.0,0.0,0.0,0.0,0.819403,0.0,0.0,0.0,0.0,0.0,0.0,0.0,0.0,0.0,0.0,0.0,0.0,0.0,0.0,0.0,0.0,1.0,0.0,0.0,0.0,0.0,0.0,0.0,0.0,0.0,0.345989959916,0.734657718759
ForrestShaw,113,115,0,111,113,3331,3390,-0.0125805,0.158563,-0.987181,-0.337449,0.221944,-0.955614,47.8495,20.1219,490.327,0.0989265,-0.0537237,-0.0151428,1.66998,0.120738,-0.0487567,-0.0167982,722.844,395.421,0.0,0.0,0.155691,0.0,0.0,0.0,0.0,0.0,0.0,0.960592,0.0,0.0,0.0,0.0,0.0,0.0,0.0,0.0,0.0,0.0,0.0,0.0,0.0,0.0,0.0,0.0,1.0,0.0,0.0,0.0,0.0,0.0,0.0,0.0,0.0,0.372628708033,0.734304224381
ForrestShaw,117,119,0,115,117,3451,3510,-0.0173405,0.239177,-0.970862,-0.405191,0.201449,-0.933066,49.7199,30.8801,483.86,0.107291,0.000469361,0.0663816,1.6834,0.124694,0.014947,0.0667738,730.517,414.674,0.0,0.0,0.0,0.0,0.0,0.0,0.0,0.0,0.0,0.999597,0.0,0.0,0.0,0.0,0.0070281,0.127298,1.05792,0.0,0.0,0.0,0.0,0.0,0.0,0.0,0.0,0.0,1.0,0.0,0.0,0.0,1.0,0.0,0.0,0.0,1.0,0.534327693508,0.732310500501
ForrestShaw,121,126,0,119,121,3571,3630,0.0129239,0.291232,-0.950153,-0.29253,0.275822,-0.947668,-23.5995,3.41524,482.567,-0.0279469,0.0121444,-0.0505886,1.66769,-0.00671158,0.0266664,-0.0520004,599.898,365.86,0.0,0.0,0.165438,0.0,0.0,0.0,0.0,0.0,0.0,0.469484,0.0,0.0,0.0,0.0,0.0,0.0,0.615742,0.0,0.0,0.0,0.0,0.0,0.0,0.0,0.0,0.0,1.0,0.0,0.0,0.0,0.0,0.0,0.0,0.0,1.0,0.452660274776,0.726794106007
ForrestShaw,134,135,0,126,134,3781,4020,-0.104624,-0.125937,-0.981624,-0.393974,-0.178535,-0.997489,-95.9899,5.07314,479.236,-0.0395356,-0.305396,-0.236513,1.63668,-0.0195996,-0.321978,-0.258378,470.385,369.213,0.0,0.0,0.0,0.0,0.0,0.0,0.0,0.0,0.0,0.0,0.0,0.0,0.0,0.0,0.0,0.0,0.0,0.0,0.0,0.0,0.0,0.0,0.0,0.0,0.0,0.0,1.0,0.0,0.0,0.0,0.0,0.0,0.0,0.0,0.0,0.27081709371,0.551027090588
ForrestShaw,137,139,0,135,137,4051,4110,0.0224586,0.0472578,-0.994462,-0.362215,0.270293,-0.96131,-109.728,3.59555,481.265,0.104206,0.0790976,-0.183511,1.67479,0.127961,0.0746577,-0.187436,440.464,365.825,0.0,0.0,0.307284,0.0,0.285515,0.0847383,0.0,0.0,0.0,0.749539,0.0,0.0,0.0,0.0,0.0677315,0.0,0.0,0.0,0.0,0.0,0.0,1.0,0.0,0.0,0.0,0.0,1.0,0.0,0.0,0.0,0.0,0.0,0.0,0.0,0.0,0.285684302088,0.720205866511
ForrestShaw,150,163,0,139,150,4171,4500,-0.108934,0.0290395,-0.999578,-0.313169,0.173951,-0.975799,-21.4248,-7.24356,492.801,-0.0345628,-0.0676869,-0.0597582,1.65768,-0.011058,-0.076175,-0.061647,603.538,347.497,0.0,0.0,0.0,0.0,0.0,0.0,0.0,0.0,0.0,0.0,0.0,0.0,0.0,0.0,0.0,0.0,0.0,0.0,0.0,0.0,0.0,0.0,0.0,0.0,0.0,0.0,0.0,0.0,0.0,0.0,0.0,0.0,0.0,0.0,0.0,0.349727770713,0.64119346882
ForrestShaw,166,168,0,163,166,4891,4980,-0.16562,-0.154225,-0.996633,-0.415031,-0.111278,-0.989551,-21.8207,5.6357,493.894,0.00774341,-0.18432,-0.0177574,1.58967,0.0168142,-0.187193,-0.0241199,604.407,369.635,0.0,0.0,0.413689,0.0,0.0,0.0,0.0,0.0,0.0,0.492553,0.0,0.0,0.0,0.0,0.0,0.0,0.0,0.0,0.0,1.0,0.0,0.0,0.0,0.0,0.0,0.0,1.0,0.0,0.0,0.0,0.0,0.0,0.0,0.0,0.0,0.238908357904,0.561889693814
ForrestShaw,170,173,0,168,170,5041,5100,-0.216477,0.0648138,-0.995456,-0.412122,0.1776,-0.970237,-129.475,-12.6383,456.669,-0.115538,-0.322932,-0.128484,1.69115,-0.091375,-0.331134,-0.125509,416.73,337.874,1.76983,0.0,0.631124,0.0103966,0.0,0.0,0.100846,0.526833,0.0,0.0,0.0,0.0,0.0,0.0,0.0,0.0,0.0,1.0,0.0,1.0,0.0,0.0,0.0,0.0,0.0,0.0,0.0,0.0,0.0,0.0,0.0,0.0,0.0,0.0,0.0,0.316430684625,0.566717818354
ForrestShaw,175,176,0,173,175,5191,5250,-0.00584272,0.185848,-0.973729,-0.181356,0.13168,-0.97782,-86.1071,-3.45999,496.445,-0.0343573,-0.388916,-0.292593,1.66986,-0.0114264,-0.407708,-0.294753,492.627,353.906,0.0,0.0,0.00970128,0.0,0.0,0.0,0.0,0.0,0.0,1.0981,0.0,0.0,0.0,0.0,0.0,0.0,0.0,0.0,0.0,0.0,0.0,0.0,0.0,0.0,0.0,0.0,1.0,0.0,0.0,0.0,0.0,0.0,0.0,0.0,0.0,0.34048232377,0.507779962386
ForrestShaw,178,179,0,176,178,5281,5340,0.0123596,0.0161148,-0.999474,-0.307051,-0.133209,-0.996969,-4.65013,45.5344,502.633,0.2395,0.198274,-0.0459776,1.55977,0.230726,0.210991,-0.0520103,633.329,439.03,1.03592,1.059,0.242124,0.0,0.9384,0.0,0.0,0.043838,0.0769553,0.0329192,0.0,0.0694769,0.0,0.808427,0.948136,0.0,0.0,0.0,1.0,1.0,0.0,1.0,0.0,0.0,0.0,0.0,1.0,0.0,0.0,0.0,0.0,0.0,0.0,0.0,0.0,0.231207262293,0.626487673186
ForrestShaw,187,188,0,179,187,5371,5610,0.000221232,0.135276,-0.990356,-0.274047,0.199772,-0.979069,-19.4079,-9.62883,490.133,-0.00890932,-0.0909493,-0.128398,1.6348,0.00571089,-0.0988615,-0.130495,607.617,343.315,0.0,0.0,0.0,0.0,0.0,0.0,0.0,0.0,0.0,0.0450776,0.0,0.0,0.0,0.0,0.0,0.0,0.0,0.0,0.0,0.0,0.0,0.0,0.0,0.0,0.0,0.0,0.0,0.0,0.0,0.0,0.0,0.0,0.0,0.0,0.0,0.311906009779,0.700418189753
ForrestShaw,191,192,0,188,191,5641,5730,-0.183543,0.213495,-0.972932,-0.342754,0.218651,-0.966104,1.52672,1.47457,499.039,-0.00242333,-0.0333883,-0.0387459,1.6683,0.0139685,-0.0322744,-0.0392192,643.465,362.419,0.0,0.0,0.0,0.0,0.0,0.0,0.0,0.0,0.0,0.407843,0.0,0.0,0.0,0.0,0.0,0.0,0.0,0.0,0.0,0.0,0.0,0.0,0.0,0.0,0.0,0.0,1.0,0.0,0.0,0.0,0.0,0.0,0.0,0.0,0.0,0.390867214567,0.716820222022
ForrestShaw,194,196,0,192,194,5761,5820,-0.366696,0.172595,-0.966158,-0.554909,0.0935232,-0.973122,-172.765,6.72277,481.825,-0.0366887,-0.202149,-0.182279,1.65886,-0.0354862,-0.208311,-0.186249,351.008,372.37,0.0,0.0,0.0,0.0,0.0,0.0,0.0,0.0,0.0,0.550078,0.0,0.0,0.0,0.0,0.0,0.0,0.0,0.0,0.0,0.0,0.0,0.0,0.0,0.0,0.0,0.0,0.0,0.0,0.0,0.0,0.0,0.0,0.0,0.0,0.0,0.395319503033,0.583448610958
ForrestShaw,197,198,0,196,197,5881,5910,-0.0998838,0.18038,-0.980153,-0.444804,0.196361,-0.943536,82.6563,0.771539,501.7,-0.0704425,-0.0199085,-0.0845218,1.59195,-0.0453932,-0.000371593,-0.0852946,782.077,361.578,0.329237,0.0,0.0,0.0,0.0,0.0,0.0,0.0,0.0,0.876956,0.0,0.0,0.0,0.0,0.231138,0.0475584,0.0,1.0,1.0,0.0,0.0,0.0,0.0,0.0,0.0,0.0,1.0,0.0,0.0,0.0,0.0,0.0,0.0,0.0,0.0,0.426971774603,0.696658600246
ForrestShaw,199,200,0,198,199,5941,5970,0.39064,0.219984,-0.884407,0.0683725,0.278353,-0.944143,-167.782,0.975694,498.673,0.0485755,-0.240999,-0.231071,1.65635,0.0646969,-0.275102,-0.235646,357.111,361.446,0.0,0.0,0.199265,0.0,0.22117,0.248471,0.0,0.0,0.0,0.723807,0.0,0.0,0.0,0.0,0.0,0.0509576,0.0819798,0.0,0.0,0.0,0.0,0.0,1.0,0.0,0.0,0.0,1.0,0.0,0.0,0.0,0.0,0.0,0.0,0.0,0.0,0.378387251851,0.580830660374
ForrestShaw,215,220,0,200,215,6001,6450,-0.0294391,0.0114687,-0.99725,-0.359785,0.0553745,-0.997588,-210.866,-0.46533,433.724,-0.0432331,-0.644752,-0.216882,1.52645,-0.0526493,-0.669856,-0.219572,281.505,358.849,0.0,0.0,0.0,0.0,0.0,0.0,0.0,0.0,0.0,0.0,0.0,0.0,0.0,0.0,0.0,0.0,0.0,0.0,0.0,0.0,0.0,0.0,0.0,0.0,0.0,0.0,0.0,0.0,0.0,0.0,0.0,0.0,0.0,0.0,0.0,0.267573812536,0.272388607499
ForrestShaw,221,222,0,220,221,6601,6630,-0.0250021,-0.107707,-0.99881,-0.298099,-0.0982998,-0.97741,9.57409,4.35726,520.149,-0.027716,-0.233852,-0.0543584,1.53676,-0.00668102,-0.236881,-0.0544897,656.129,367.232,0.0,0.0,0.421109,0.0,0.555637,0.979274,0.0,0.0973,0.04692,1.86915,0.0,0.0,0.0,0.0,0.0,0.0,0.0,0.0,0.0,1.0,0.0,0.0,1.0,0.0,1.0,0.0,1.0,0.0,0.0,0.0,1.0,0.0,0.0,0.0,0.0,0.276934085866,0.538318136441
ForrestShaw,223,224,0,222,223,6661,6690,0.14493,0.0796767,-0.949687,-0.114541,0.202811,-0.979179,-69.3516,-6.5454,486.551,0.0827178,0.127716,-0.303913,1.61611,0.109238,0.134087,-0.312684,523.212,348.798,0.650225,0.0,0.868695,0.0,0.00192019,0.0,0.0,0.0,0.0,0.850434,0.0,0.890582,0.0,0.356415,0.0,0.0,0.0,0.0,0.0,0.0,0.0,0.0,0.0,0.0,0.0,0.0,1.0,0.0,0.0,0.0,0.0,0.0,0.0,0.0,0.0,0.300934164705,0.725546864644
ForrestShaw,229,230,0,224,229,6721,6870,0.00478639,0.148344,-0.975607,-0.234818,0.215079,-0.973016,-18.831,-7.12002,490.104,-0.0083274,0.106375,-0.192452,1.63126,0.00384389,0.119549,-0.1971,608.945,347.476,0.0,0.0,0.0705248,0.0,0.0,0.0,0.0,0.0,0.0,0.22697,0.0,0.0240971,0.0,0.0,0.0426966,0.0,0.0,0.0,0.0,0.0,0.0,0.0,0.0,0.0,0.0,0.0,1.0,0.0,0.0,0.0,0.0,0.0,0.0,0.0,0.0,0.34296722886,0.71516717346
ForrestShaw,231,233,0,230,231,6901,6930,0.056744,0.19839,-0.968201,-0.279674,0.239188,-0.966894,-22.0747,3.74028,504.588,0.0821262,0.114226,-0.132819,1.64974,0.0963391,0.131132,-0.138343,603.317,366.109,0.0,0.0,0.119568,0.0,0.0,0.0,0.0,0.0,0.0,0.476781,0.0,0.317127,0.0,0.0,0.139762,0.0,0.0,0.0,0.0,0.0,0.0,1.0,0.0,0.0,1.0,0.0,1.0,0.0,0.0,0.0,0.0,0.0,0.0,0.0,0.0,0.351918262863,0.723770423972
ForrestShaw,238,247,0,233,238,6991,7140,-0.0914449,0.0648905,-0.979893,-0.376824,0.13269,-0.982278,-212.905,-10.5838,477.848,-0.277385,-0.377676,-0.238569,1.59828,-0.258274,-0.441386,-0.245479,278.19,340.929,0.0,0.0,0.202377,0.0,0.0,0.0,0.0,0.0,0.0,0.0,0.0,0.0,0.0,0.0,0.0,0.0,0.0,0.0,0.0,0.0,0.0,0.0,0.0,0.0,0.0,0.0,0.0,0.0,0.0,0.0,0.0,0.0,0.0,0.0,0.0,0.310474988412,0.670990943279
ForrestShaw,256,261,0,247,256,7411,7680,-0.223133,-0.0441425,-0.99359,-0.453037,0.0821723,-0.991578,-92.2618,-3.70453,491.754,-0.0377098,-0.254846,-0.158073,1.63796,-0.0404444,-0.277725,-0.16586,483.209,353.421,0.0,0.0,0.335689,0.0,0.0,0.0,0.0,0.0,0.0,0.0,0.0,0.0,0.0,0.0,0.0,0.0,0.0,0.0,0.0,0.0,0.0,0.0,0.0,0.0,0.0,0.0,0.0,0.0,0.0,0.0,0.0,0.0,0.0,0.0,0.0,0.274672095514,0.604604826029
ForrestShaw,264,265,0,261,264,7831,7920,-0.235472,0.0231609,-0.981046,-0.340781,0.172194,-0.980321,-174.714,-3.55096,466.206,-0.0409555,-0.268306,-0.239127,1.35775,-0.024324,-0.292937,-0.251832,320.568,353.673,0.549493,0.0,0.0,0.0,0.0,0.0,0.0,0.119052,0.0,0.0,0.0,0.0,0.0,0.0,0.0193831,0.0,0.0,0.0,0.0,0.0,0.0,0.0,0.0,0.0,0.0,0.0,0.0,0.0,0.0,0.0,0.0,0.0,0.0,0.0,0.0,0.305007298809,0.4805101837
ForrestShaw,271,272,0,265,271,7951,8130,-0.0513444,0.141316,-0.97504,-0.318,0.164386,-0.98615,-24.5367,-27.0984,491.737,-0.164779,-0.113778,-0.130622,1.57445,-0.136036,-0.12621,-0.130654,596.268,315.254,0.0,0.0,0.0,0.0,0.0,0.0,0.0,0.0,0.0,0.553907,0.0,0.107146,0.0,0.0,0.0,0.0,0.0,0.0,0.0,0.0,0.0,0.0,0.0,0.0,0.0,0.0,1.0,0.0,0.0,0.0,0.0,0.0,0.0,0.0,0.0,0.365411675737,0.621818403738
ForrestShaw,276,277,0,272,276,8161,8280,0.00130784,0.017255,-0.997472,-0.230694,0.116786,-0.993156,-147.369,-10.2179,468.71,-0.0935722,-0.78708,-0.148215,1.33341,-0.108762,-0.808028,-0.150486,390.889,342.478,0.0,0.0,0.175966,0.0,0.0,0.0,0.0,0.0,0.0,0.0,0.0,0.0,0.0,0.0,0.0,0.0,0.0,0.0,0.0,0.0,0.0,0.0,0.0,0.0,0.0,0.0,0.0,0.0,0.0,0.0,0.0,0.0,0.0,0.0,0.0,0.262547690871,0.161964888722
ForrestShaw,279,281,0,277,279,8311,8370,0.0734559,0.115844,-0.977207,-0.131019,0.165629,-0.986047,-31.9885,-4.92564,506.861,-0.0342638,0.0991707,-0.241683,1.56758,-0.00586784,0.0994258,-0.243994,588.096,351.454,0.0,0.0,0.383841,0.0,0.0,0.0,0.0,0.0,0.0,0.543712,0.0,0.0,0.0,0.0,0.0,0.0,0.0,0.0,0.0,0.0,0.0,0.0,0.0,0.0,0.0,0.0,1.0,0.0,0.0,0.0,0.0,0.0,0.0,0.0,0.0,0.358858928779,0.694931223614
ForrestShaw,282,288,1,281,282,8431,8460,0.112979,0.0600359,-0.989657,-0.0710785,0.102409,-0.993502,-20.3524,1.70565,509.093,-0.0307428,0.16775,-0.294901,1.59443,-0.0048957,0.190927,-0.29859,606.425,362.695,0.361849,0.0,0.525038,0.0,0.0,0.0,0.0,0.0370877,0.0,0.509546,0.0,0.0,0.0,0.0,0.0,0.0,0.0,0.0,0.0,0.0,0.0,1.0,0.0,0.0,1.0,0.0,1.0,0.0,0.0,0.0,0.0,0.0,0.0,0.0,0.0,0.350383738133,0.70398959798
,,,,,,,,0.000226102383859,0.0858496455113,0.45410125298,0.00819758828787,0.277494154499,0.00334229549448,0.412775008902,1.62513493303e-07,0.0177074051707,4.46459034968e-15,6.6364746054e-14,0.000301826862637,0.000869088229826,1.95229580209e-15,1.20767213115e-13,0.000340573950743,0.00956355295177,1.60784146583e-07,0.0795248712059,0.445754669709,2.34858117059e-05,0.445754669709,0.0785071082651,0.261924115958,0.445754669709,0.795361958887,0.0132635626619,2.95339667303e-12,nan,0.677965163706,nan,0.241106676695,0.628611413285,0.0439442303312,0.184130602104,0.193165084221,0.765163706399,0.00181704509813,nan,0.138363040763,0.193165084221,nan,0.562690999187,nan,3.92847767367e-21,nan,0.256774226593,nan,0.193165084221,nan,nan,nan,0.193165084221,1.1930929522e-06,7.28046465099e-23
