video,laughter_start,laughter_end,mean_pitch,sd_pitch,mean_intensity,sd_intensity,laughter_value
AndyWoodhull2,2,5,25.52645483,9.20502926,87.78556185,7.857713844,
AndyWoodhull2,26,27,26.24528068,8.97299525,88.05761002,7.715718566,
AndyWoodhull2,31,32,26.24418623,9.027263251,88.00303645,7.760782716,
AndyWoodhull2,38,43,26.25545968,9.14717106,87.96736925,7.800849466,
AndyWoodhull2,49,50,26.32940874,9.20652019,87.88257895,7.900216267,
AndyWoodhull2,54,55,26.29647074,9.225760084,87.87335171,7.940272394,
AndyWoodhull2,62,64,26.31249414,9.309169582,87.82908163,8.013255512,
AndyWoodhull2,83,84,26.98928387,9.156691522,88.30006289,7.687568757,
AndyWoodhull2,88,89,26.94923608,9.208204305,88.21961279,7.73599438,
AndyWoodhull2,100,102,27.03113847,9.409432637,88.37512368,7.697625027,
AndyWoodhull2,120,121,27.98523528,9.310237468,88.7816384,7.402157066,
AndyWoodhull2,128,130,27.98826039,9.392422544,88.86842518,7.374558578,
AndyWoodhull2,132,133,27.98468985,9.412986064,88.87499569,7.382329444,
AndyWoodhull2,136,137,27.76678874,9.398083579,88.7971418,7.437218886,
AndyWoodhull2,142,143,27.78827571,9.518780531,88.73580044,7.505958625,
AndyWoodhull2,152,153,27.72636367,9.767917493,88.76506983,7.504627616,
AndyWoodhull2,159,160,27.86127339,9.806599381,88.90410542,7.431940574,
AndyWoodhull2,163,170,27.8277301,9.653437691,88.9036583,7.482639804,
AndyWoodhull2,186,187,28.00077139,9.943270758,88.68055874,7.737397789,
AndyWoodhull2,200,201,28.05321682,10.35167159,88.92348598,7.637390669,
AndyWoodhull2,204,205,28.18292855,10.45243108,88.87523452,7.735408882,
AndyWoodhull2,210,211,28.27291247,10.69307492,88.6935246,7.861837888,
AndyWoodhull2,220,221,28.43000601,11.03623984,88.59726396,8.060520038,
AndyWoodhull2,230,238,28.21148908,11.11155006,89.02430339,7.914163495,
AndyWoodhull2,253,255,28.82174081,10.83171294,90.77679189,6.221488842,
AndyWoodhull2,258,259,28.83634378,10.6164567,90.75051816,6.153909633,
AndyWoodhull2,264,266,28.44645521,10.75409438,90.16244875,6.442720217,
AndyWoodhull2,281,282,25.60148832,9.871745555,91.61997647,5.295281748,
AndyWoodhull2,292,293,24.47033798,9.847300353,93.70512174,3.867100241,
AndyWoodhull,5,8,25.503336,9.12726651,87.7351321,7.864064868,
AndyWoodhull,10,12,25.5963454,9.128453044,87.80662971,7.829604823,
AndyWoodhull,20,21,25.99679979,9.017734384,87.9778941,7.737935978,
AndyWoodhull,47,48,26.25689047,9.197589624,87.88340018,7.886163346,
AndyWoodhull,57,62,26.28145911,9.265680396,87.8348454,7.970759505,
AndyWoodhull,65,66,26.35015953,9.304476876,87.83398926,8.036001102,
AndyWoodhull,68,72,26.47816511,9.212053468,87.89568226,8.02486096,
AndyWoodhull,82,83,26.96031912,9.1605311,88.27349932,7.707195416,
AndyWoodhull,95,96,26.92116173,9.313016923,88.29486183,7.710379143,
AndyWoodhull,103,104,27.15239256,9.378026546,88.35978182,7.71718683,
AndyWoodhull,110,111,27.34440736,9.444760817,88.61127258,7.503272951,
AndyWoodhull,115,116,27.59078664,9.395112877,88.78358787,7.374135686,
AndyWoodhull,127,131,28.02338076,9.381517235,88.863299,7.37215271,
AndyWoodhull,144,145,27.79061153,9.566325771,88.66685298,7.527084715,
AndyWoodhull,154,155,27.66581623,9.812142827,88.74286948,7.518170429,
AndyWoodhull,157,158,27.72692209,9.847289567,88.9014059,7.394051155,
AndyWoodhull,166,168,27.81966257,9.54863968,88.83858653,7.539663551,
AndyWoodhull,173,174,27.74342474,9.539481769,88.66116747,7.640443036,
AndyWoodhull,177,181,27.74643374,9.661098087,88.64091977,7.672716224,
AndyWoodhull,186,187,28.00077139,9.943270758,88.68055874,7.737397789,
AndyWoodhull,199,200,28.04168707,10.3286372,88.77744718,7.835292201,
AndyWoodhull,203,204,28.11445609,10.47691236,88.88706337,7.699458027,
AndyWoodhull,207,208,28.1975486,10.65835929,88.78813072,7.803656771,
AndyWoodhull,212,213,28.14609209,10.57900012,88.71263205,7.925480984,
AndyWoodhull,225,230,28.16011661,10.81372259,88.85003663,7.884437057,
AndyWoodhull,235,236,28.19799677,11.38561218,88.75025229,8.130267243,
AndyWoodhull,241,242,27.34699828,10.41143834,88.7702201,8.390559206,
AndyWoodhull,246,247,27.66060396,10.75922846,89.45730164,7.777159097,
AndyWoodhull,274,285,26.32283956,9.717365005,90.71151565,6.286433626,
AndyWoodhull,288,289,27.75167813,13.326662,91.13526391,6.332137649,
AndyWoodhull,293,294,26.65210424,0.331438201,90.84103162,4.356795978,
AndyWoodhull,301,312,,,,,
AndyWoodhull,319,321,,,,,
AparnaNancherla1,14,16,37.41184686,15.98110542,95.20372648,8.534910505,
AparnaNancherla1,19,21,37.28740718,15.91862992,95.18350388,8.605449631,
AparnaNancherla1,22,23,37.11449458,15.91036867,95.1556127,8.647181298,
AparnaNancherla1,36,37,36.83422224,15.96501454,95.114474,8.850201289,
AparnaNancherla1,49,51,36.9540068,16.05253841,95.07548565,9.064611777,
AparnaNancherla1,55,56,36.86374339,16.12928142,95.04630979,9.167530026,
AparnaNancherla1,66,67,37.12972078,16.39972905,95.00891408,9.364070636,
AparnaNancherla1,81,83,36.68571444,16.34309931,94.99881351,9.641119409,
AparnaNancherla1,85,86,36.74362323,16.38788853,94.98250433,9.730238955,
AparnaNancherla1,96,97,37.16173828,16.6047345,94.96563414,9.976736216,
AparnaNancherla1,111,113,37.73751599,16.65080704,94.91936643,10.34554392,
AparnaNancherla1,110,120,37.94274142,16.80118307,94.92930235,10.31992001,
AparnaNancherla1,125,126,37.31064927,16.70786839,94.80057488,10.7426573,
AparnaNancherla1,131,132,37.52211754,16.80822512,94.80044146,10.92806407,
AparnaNancherla1,145,147,38.39979704,17.08030539,94.71299411,11.40213577,
AparnaNancherla1,151,152,39.22560473,16.8148637,94.64361245,11.62644135,
AparnaNancherla1,163,164,38.87850341,16.81290076,94.56909441,12.10252512,
AparnaNancherla1,178,179,39.32983956,17.37517865,94.2885652,12.81739423,
AparnaNancherla1,186,187,40.04981923,17.66880774,94.208929,13.25647216,
AparnaNancherla1,189,191,40.38094507,17.82186874,94.13380093,13.43369277,
AparnaNancherla1,198,199,40.84430679,18.05950355,93.94574834,14.01496021,
AparnaNancherla1,211,212,41.39608941,17.91607868,93.66265771,15.02277667,
AparnaNancherla1,218,219,42.61540983,18.24369288,93.45476583,15.66435102,
AparnaNancherla1,226,227,43.26046616,18.60259587,93.11889487,16.51477802,
AparnaNancherla1,235,236,44.61997512,18.7004723,92.73150376,17.67632759,
AparnaNancherla1,239,240,44.59492577,19.05149248,92.46659955,18.27068575,
AparnaNancherla1,244,245,44.54666648,18.85324001,92.16903901,19.1259672,
AparnaNancherla1,257,258,44.7445365,19.79683751,91.07694005,22.05241382,
AparnaNancherla1,262,263,43.07743543,19.69566269,90.1950547,23.58536165,
AparnaNancherla1,266,267,40.43184437,18.7829696,89.2610986,25.0702161,
AparnaNancherla1,271,277,44.04626233,20.08922302,87.58329624,27.37859107,
AparnaNancherla1,289,291,46.19376455,18.57624932,55.1985281,46.79826611,
BethStelling1,11,12,23.18142896,11.98145542,64.62935616,17.5821766,
BethStelling1,21,22,23.16535407,12.12951581,64.60891751,17.69637455,
BethStelling1,38,41,23.39167122,12.3669818,64.53457214,17.81930576,
BethStelling1,55,56,23.70735973,12.55868035,64.51210298,18.04031238,
BethStelling1,78,81,23.10574415,12.59372315,64.8852684,17.80826033,
BethStelling1,95,97,22.86596924,12.24303778,64.77098256,17.94263094,
BethStelling1,110,111,22.53318379,11.64088309,64.57196244,18.18862111,
BethStelling1,119,120,21.65369264,10.12343564,65.20173225,17.35781006,
BethStelling1,122,124,21.67856129,10.15110446,65.14684421,17.39878556,
BethStelling1,127,129,21.67075895,10.27524486,64.94661553,17.42409833,
BethStelling1,139,145,21.99871923,10.69821157,64.85894057,17.61505069,
BethStelling1,153,156,22.34484162,10.62556245,64.66732677,17.97668473,
BethStelling1,162,163,22.35608295,10.769679,64.81375661,17.8142362,
BethStelling1,165,166,22.31365174,10.76415742,65.43497139,17.49450534,
BethStelling1,171,172,22.50915669,10.77705237,65.70775963,17.6412388,
BethStelling1,179,180,22.89747889,10.89755205,65.78269503,17.77935801,
BethStelling1,188,189,21.84467066,10.55915354,65.47430232,18.00504437,
BethStelling1,197,199,20.90539378,10.03849978,65.16046577,18.59041381,
BethStelling1,230,232,23.2298335,10.21673595,70.10175213,15.60449819,
BethStelling1,238,240,24.24455632,9.635991616,71.38841445,16.4979735,
BethStelling1,258,267,24.10974063,8.974791085,74.45075039,12.800934,
CarmenLynch1,6,7,32.03196768,10.86380418,73.40169264,12.97174127,
CarmenLynch1,9,11,31.94656731,10.81225044,73.4280114,12.98873981,
CarmenLynch1,14,25,32.0163828,10.82997208,73.41165548,13.01910824,
CarmenLynch1,28,29,32.02082393,10.92220945,73.26147572,13.1842476,
CarmenLynch1,31,34,32.0220367,10.96997965,73.26647075,13.19724412,
CarmenLynch1,36,47,32.09210217,11.00584922,73.28399102,13.23086035,
CarmenLynch1,50,52,31.99007307,10.88471655,73.19565647,13.34130995,
CarmenLynch1,54,56,31.97998003,10.93283499,73.20204302,13.39837472,
CarmenLynch1,59,66,32.04035427,11.005582,73.16057816,13.4650063,
CarmenLynch1,69,71,31.98369217,10.97428486,73.17394786,13.54303281,
CarmenLynch1,72,73,31.9914826,10.99016223,73.16357837,13.56353354,
CarmenLynch1,75,78,31.93236862,10.95019772,73.22705812,13.5627543,
CarmenLynch1,82,83,32.00707566,10.97961715,73.39957147,13.44416978,
CarmenLynch1,90,92,32.03164773,11.21887918,73.43582458,13.47576528,
CarmenLynch1,99,104,32.10053121,11.44144844,73.82288635,12.84984133,
CarmenLynch1,108,118,31.98459414,11.57678112,73.69970772,12.96487049,
CarmenLynch1,128,130,31.61044592,11.14760599,73.44438644,13.1430543,
CarmenLynch1,131,133,31.29481805,10.66581857,73.77513345,12.62251645,
CarmenLynch1,136,140,31.36774012,10.80586551,73.92885517,12.51772908,
CarmenLynch1,149,161,31.34000807,10.41803394,74.55788696,12.1149856,
CarmenLynch1,165,170,31.1321104,10.42645625,74.62046828,11.39498927,
CarmenLynch1,173,176,31.0910985,10.45376144,74.61197589,11.49900298,
CarmenLynch1,184,185,30.84905418,10.42383212,74.68338344,11.52016791,
CarmenLynch1,188,198,30.80968831,10.58190481,74.60437375,11.59341374,
CarmenLynch1,204,210,30.97917865,10.88603292,74.24023131,11.80808952,
CarmenLynch1,214,215,30.69893079,10.64123767,74.1251443,12.12322063,
CarmenLynch1,217,218,30.40871131,10.53740724,74.16499268,12.15754338,
CarmenLynch1,221,225,30.31998622,10.74593064,74.0378831,12.1960404,
CarmenLynch1,236,245,31.07336625,11.02182606,74.73561013,11.67066032,
CarmenLynch1,249,251,31.06695405,11.4214722,74.17125975,12.1011017,
CarmenLynch1,253,258,31.05007358,11.70462886,74.16017425,12.18715118,
CarmenLynch1,261,264,30.84739239,11.36903621,74.16943439,12.69670331,
CarmenLynch1,268,275,30.49546101,11.54433467,75.1716228,11.73793998,
CarmenLynch1,285,289,35.06683648,12.92695354,76.79779685,8.700379422,
CarmenLynch1,291,296,34.58826542,13.068839,76.28676127,9.104768791,
CarmenLynch1,299,309,32.95195743,12.86199415,77.79036702,8.176873371,
CarmenLynch1,311,311,31.92074976,13.40401082,75.41971537,10.47721615,
CarmenLynch1,313,314,29.84984803,13.65689046,75.78876892,10.11420957,
CarmenLynch1,317,319,34.21810881,33.38559065,80.97396022,5.587121539,
CristelaAlonza1,0,11,40.20491859,14.16483077,73.4501016,18.19211752,
CristelaAlonza1,18,21,40.79593997,13.71641976,72.64327301,18.31305364,
CristelaAlonza1,24,25,40.94161926,13.78684417,72.34195196,18.34779495,
CristelaAlonza1,41,42,41.03263526,13.85281029,72.59487347,18.41770477,
CristelaAlonza1,48,49,41.07297775,13.86811568,73.09837558,17.97221139,
CristelaAlonza1,53,54,40.99815471,13.91274058,73.12671049,18.01840642,
CristelaAlonza1,58,59,40.84069961,13.92072018,73.01628537,18.08685913,
CristelaAlonza1,66,67,40.83640441,14.00362823,72.92142596,18.21825135,
CristelaAlonza1,83,92,41.11576649,14.27277692,73.22698439,17.99922226,
CristelaAlonza1,94,98,40.98880737,14.45575147,72.39274999,18.27793029,
CristelaAlonza1,104,105,41.64356648,14.51232379,72.9752726,18.2215748,
CristelaAlonza1,108,109,41.84453495,14.59849194,72.95428613,18.33565022,
CristelaAlonza1,131,132,42.45364914,14.86034916,73.87021132,18.3450647,
CristelaAlonza1,136,137,42.74273451,15.10421082,73.62415363,18.39648958,
CristelaAlonza1,139,140,42.55026005,15.16584339,73.52634709,18.464856,
CristelaAlonza1,142,143,42.46260187,15.23328377,73.59377424,18.38621524,
CristelaAlonza1,157,158,42.57576003,15.89058369,74.95435709,17.78792249,
CristelaAlonza1,173,175,43.33477742,16.74896478,77.35129238,15.50610381,
CristelaAlonza1,180,181,42.92338541,16.84326066,77.00252606,15.83071512,
CristelaAlonza1,187,189,40.37568133,15.44843454,76.79779003,16.01387466,
CristelaAlonza1,194,196,41.14614005,16.16646304,77.14808532,15.99329785,
CristelaAlonza1,200,201,40.01131684,15.86685868,77.40476438,16.12619708,
CristelaAlonza1,206,214,36.69401824,14.7634946,78.11244096,16.13942406,
CristelaAlonza1,224,226,42.51385794,12.40465393,81.55444368,11.95203578,
CristelaAlonza1,231,233,47.22244976,13.21292752,85.77964322,7.456101144,
CristelaAlonza1,235,236,45.67530953,18.67137737,87.4926109,6.808751553,
CristelaAlonza2,13,14,41.94104445,13.07555887,96.30913653,2.429819043,
CristelaAlonza2,16,18,41.89548996,13.09446802,96.29709182,2.43654035,
CristelaAlonza2,67,69,42.06721564,13.08106759,96.29593725,2.425643033,
CristelaAlonza2,87,88,42.53586922,13.23729257,96.38927691,2.379947359,
CristelaAlonza2,90,91,42.36947486,13.16204979,96.37847319,2.382019679,
CristelaAlonza2,93,100,42.37729844,13.191987,96.38003703,2.382969343,
CristelaAlonza2,109,111,42.6414705,13.10655261,96.32854622,2.420735874,
CristelaAlonza2,133,136,42.92497653,13.05642188,96.31244983,2.44328629,
CristelaAlonza2,152,153,42.90013788,13.39939137,96.42846268,2.353327262,
CristelaAlonza2,158,160,42.86185938,13.51343753,96.40643737,2.367375943,
CristelaAlonza2,166,167,42.43997785,13.24075786,96.36379821,2.388566126,
CristelaAlonza2,173,174,42.1837306,12.99349899,96.336486,2.419198316,
CristelaAlonza2,175,176,42.12101158,12.99843951,96.32265494,2.430518908,
CristelaAlonza2,189,190,42.29753603,13.29877993,96.28979207,2.458656307,
CristelaAlonza2,193,197,42.21765952,13.20540669,96.26365144,2.483187138,
CristelaAlonza2,204,208,42.81533246,13.13890386,96.32986471,2.497370804,
CristelaAlonza2,217,220,42.08784867,12.45581141,96.21909903,2.539290131,
CristelaAlonza2,228,229,41.72473102,12.37572867,96.12680391,2.620732056,
CristelaAlonza2,234,236,41.72652594,12.92885327,96.01979963,2.646646798,
CristelaAlonza2,237,238,40.92469797,12.48554593,95.92674536,2.666281691,
CristelaAlonza2,249,257,37.98682161,11.23178502,95.82970013,2.661032368,
CristelaAlonza2,285,285,41.37523626,13.10007087,96.74266508,1.834584962,
CristelaAlonza2,288,289,42.4401279,14.20871883,97.07056547,1.474305377,
CristelaAlonza2,293,297,47.06310265,19.24879329,97.11565825,1.408373749,
DamonWayans1,22,24,27.662133,17.99930466,75.03604328,15.46475761,
DamonWayans1,35,36,27.57980155,17.92354604,75.61766627,14.70416034,
DamonWayans1,89,90,26.64240351,17.48739936,75.90421508,14.32833394,
DamonWayans1,96,97,26.34575835,17.29006623,75.78716612,14.40999424,
DamonWayans1,149,150,22.57966233,12.18278763,76.2869464,14.14636276,
DamonWayans1,219,221,23.78035586,12.15308292,76.98791347,13.45728957,
DamonWayans1,239,240,23.03428538,11.9009469,76.96867397,13.47698666,
DamonWayans1,267,269,23.20729455,13.13391025,76.81292643,13.95784389,
DamonWayans1,299,300,21.92070694,12.5653056,74.82799535,15.11885586,
DanSoder,9,11,20.92417454,14.10995779,82.21494329,13.8761643,
DanSoder,17,18,20.79208448,13.89952299,82.12072107,13.90215491,
DanSoder,20,22,20.65978862,13.83838417,82.13356012,13.93044161,
DanSoder,29,31,20.46237775,13.84599574,82.45839175,13.6467484,
DanSoder,38,39,20.12531591,13.73355103,82.30825977,13.79131453,
DanSoder,43,46,20.06984228,13.9250566,82.19217802,13.85815343,
DanSoder,51,52,20.15688548,14.19092442,82.16293306,13.94064834,
DanSoder,56,58,20.31489317,14.36265173,82.1192953,13.9931506,
DanSoder,62,63,20.3311815,14.41216086,81.98548569,14.13112886,
DanSoder,68,76,20.23310419,14.46631551,81.86516558,14.2568631,
DanSoder,94,95,20.23475796,14.44305718,81.85533079,14.40647809,
DanSoder,99,101,20.57740755,14.5812952,81.91325212,14.48181738,
DanSoder,104,106,20.80090813,14.80548865,81.70596049,14.60931474,
DanSoder,111,113,20.81677048,14.9929285,81.61000295,14.71384309,
DanSoder,122,123,20.68091959,15.25050834,81.30236739,15.03567476,
DanSoder,128,132,21.0446545,15.55673278,81.33145005,15.04128328,
DanSoder,138,140,21.55069652,15.82040262,81.65464022,15.00276592,
DanSoder,144,145,21.61349028,15.95208178,81.59167005,15.14377799,
DanSoder,146,148,21.69139503,16.00089285,81.55751518,15.22724569,
DanSoder,154,161,21.97439017,16.25539069,81.48662744,15.40212608,
DanSoder,167,158,22.39099673,16.58332261,80.83426631,15.8657304,
DanSoder,179,180,23.50581159,17.16577834,81.4711319,15.71463173,
DanSoder,181,182,23.72026991,17.17664473,81.52110558,15.79517841,
DanSoder,192,195,24.79002652,17.57854753,82.55937318,15.20679567,
DanSoder,209,218,25.58239556,17.39757984,85.11861281,13.49002391,
DanSoder,219,222,24.53560557,17.71339136,83.34505795,14.37940432,
DanSoder,236,237,30.61956396,19.96630511,86.08769782,12.62398643,
DanSoder,243,246,32.63292283,21.40722499,90.41779879,9.722548413,
EmilyGalati,9,10,39.70766854,15.4971805,73.59706984,14.3895889,
EmilyGalati,14,17,39.97925523,15.49950103,73.70925997,14.44631087,
EmilyGalati,25,27,40.25296677,15.66399344,73.78310562,14.50065923,
EmilyGalati,31,32,40.31733516,15.71004719,73.77280971,14.48990546,
EmilyGalati,48,54,39.65329718,15.59053926,73.92808524,14.19314986,
EmilyGalati,60,61,39.49044697,15.6360479,73.6761774,14.24988204,
EmilyGalati,69,71,38.7065729,15.23785884,73.37009968,14.29054418,
EmilyGalati,89,90,39.22221595,15.47251667,74.06073637,13.65717781,
EmilyGalati,94,97,39.28461066,15.49782615,74.23739067,13.68973884,
EmilyGalati,104,105,38.93523779,15.48341781,74.17383789,13.80912621,
EmilyGalati,109,111,38.80398025,15.57488436,74.1052908,13.80298751,
EmilyGalati,116,117,39.05171791,15.66180756,74.09841683,13.96818719,
EmilyGalati,126,127,39.68754889,15.69473081,74.18872916,14.15099867,
EmilyGalati,130,131,39.50178253,15.83731548,74.06472821,14.21755121,
EmilyGalati,136,142,39.84449627,15.80972579,74.00769151,14.31845676,
EmilyGalati,146,147,40.26795432,15.85114492,73.75551033,14.54596801,
EmilyGalati,151,154,40.84861333,15.68787126,73.91512561,14.66259519,
EmilyGalati,157,158,41.06902501,15.63901421,73.95650365,14.82752971,
EmilyGalati,171,179,41.77125857,16.11323429,74.27449264,15.12655147,
EmilyGalati,192,193,43.33421023,15.98657929,74.96596804,14.59445454,
EmilyGalati,195,196,43.67875064,15.9441635,75.14383655,14.69861235,
EmilyGalati,198,200,43.81053731,15.93337404,75.36895911,14.81233568,
EmilyGalati,203,205,43.76334715,15.80585527,75.80599279,14.79174438,
EmilyGalati,210,211,44.0025238,15.73787745,76.3618835,14.4478916,
EmilyGalati,220,221,43.34166482,16.12396853,76.31616289,14.35765136,
EmilyGalati,225,226,42.6985196,16.14651331,76.32320913,14.4626498,
EmilyGalati,229,230,41.04074417,14.74730805,76.03630944,14.57792354,
EmilyGalati,236,237,39.28255222,13.25646395,76.30037717,14.35092977,
EmilyGalati,246,248,40.2821593,13.54523485,77.64283822,13.94200539,
EmilyGalati,263,264,38.70408718,12.6755888,78.23147179,14.02386578,
EmilyGalati,274,275,38.74334924,13.75919981,80.4032406,11.83592997,
EmilyGalati,279,281,41.49660129,14.42037379,81.83002642,11.90013076,
EmilyGalati,292,296,39.19104771,23.12186285,91.17431889,5.116288829,
EmilyHeller1,16,17,29.64281475,13.56344515,66.24220357,18.01960731,
EmilyHeller1,30,31,29.95453226,13.79048581,66.71908546,17.85221726,
EmilyHeller1,35,36,29.62970286,13.35015629,66.67862316,17.84976684,
EmilyHeller1,39,40,29.68682493,13.37325191,66.74983284,17.89538139,
EmilyHeller1,50,51,30.06034488,13.45537339,67.14153922,17.89713622,
EmilyHeller1,57,58,29.89426033,13.31988844,67.20686786,18.01587777,
EmilyHeller1,66,67,29.97774314,13.42186681,67.13376606,18.04202018,
EmilyHeller1,75,76,30.38634107,13.55329426,67.02437504,18.21949396,
EmilyHeller1,89,90,30.49539136,13.55317136,67.70176314,17.58244077,
EmilyHeller1,93,94,30.43566848,13.57154996,67.85847008,17.58999788,
EmilyHeller1,108,109,30.52920149,13.56614174,68.42168551,17.33250081,
EmilyHeller1,112,114,30.5808417,13.59712101,68.65580173,17.20501664,
EmilyHeller1,122,123,30.29345066,13.56336476,68.79984562,16.99812945,
EmilyHeller1,125,126,30.23815509,13.6325814,68.76731381,17.05006082,
EmilyHeller1,130,131,30.38767395,13.71954976,68.66557781,17.16709031,
EmilyHeller1,148,149,30.49982219,13.74768363,69.34125709,17.05924069,
EmilyHeller1,164,165,31.39717125,13.99761329,70.51649058,17.02049722,
EmilyHeller1,168,170,31.37877913,14.135843,70.122934,17.05743028,
EmilyHeller1,176,177,30.75748453,14.09784418,69.39818997,17.21814035,
EmilyHeller1,182,183,30.71815246,14.12887144,69.57813644,17.31615797,
EmilyHeller1,184,185,30.84657259,14.17030788,69.31691027,17.35198302,
ErinFoley,20,21,42.25036406,14.49221828,72.21346413,18.69414745,
ErinFoley,27,28,42.29862195,14.53696501,72.07433745,18.68412262,
ErinFoley,31,32,42.29278571,14.63141985,72.02468387,18.73671838,
ErinFoley,35,36,42.26658023,14.69419562,71.94583864,18.80261087,
ErinFoley,40,41,42.30016233,14.73569597,71.9916221,18.84547366,
ErinFoley,54,56,42.73614379,14.8327557,72.35045907,18.58798423,
ErinFoley,66,67,42.77129646,15.0679453,72.3052041,18.59490437,
ErinFoley,71,72,42.72196837,15.19448668,72.17321773,18.67736312,
ErinFoley,75,76,42.73251979,15.32133698,72.05115382,18.73770266,
ErinFoley,82,83,42.60276089,15.38831034,71.76458249,18.85635292,
ErinFoley,88,89,42.53483946,15.51599245,71.71249268,18.90152532,
ErinFoley,98,102,42.26817766,15.70398744,71.56907738,18.97058551,
ErinFoley,124,127,43.1348863,16.1506287,71.88180829,18.99247077,
ErinFoley,136,138,43.68427644,16.34241516,72.28971513,18.64747853,
ErinFoley,144,152,43.75480515,16.43451962,72.64570344,18.56461589,
ErinFoley,164,169,44.21335035,16.58971237,72.56448895,18.63257876,
ErinFoley,184,187,44.71923252,16.92110487,72.61432633,18.59489517,
ErinFoley,199,200,45.41692364,17.17490588,73.34391476,18.50280663,
ErinFoley,204,205,45.82498154,17.34103132,73.18471087,18.68448821,
ErinFoley,212,213,46.18007361,17.54432594,73.366971,18.75144414,
ErinFoley,227,232,47.54028789,18.13516959,76.03814184,17.15766148,
ErinFoley,243,246,47.20763147,17.66961379,77.18415839,16.69874348,
ErinFoley,254,256,47.57446631,18.33828592,78.30577173,16.50359314,
ErinFoley,260,268,46.1319182,19.58677425,77.90360966,17.0665813,
ErinFoley,279,281,54.12582633,18.27333211,84.36349481,10.92965784,
ErinFoley,286,287,46.92542688,15.80800336,85.23973414,11.25307211,
ErinFoley,289,292,28.91815112,16.08983451,91.52196038,2.30363116,
ForrestShaw,8,9,15.54368939,10.85549268,68.4849448,19.02517595,
ForrestShaw,14,15,15.63468634,10.85927013,68.85883301,18.81052645,
ForrestShaw,23,25,15.3685341,10.72102861,69.08663308,18.68194075,
ForrestShaw,27,29,15.21335746,10.72036417,68.93717111,18.75326607,
ForrestShaw,31,32,15.05157861,10.61655581,68.91774363,18.83773561,
ForrestShaw,44,45,14.85018779,9.935053443,69.24739889,18.70456717,
ForrestShaw,53,55,14.66838406,9.659554908,69.15985285,18.84314906,
ForrestShaw,57,60,14.6661864,9.663720689,69.09501252,18.89648797,
ForrestShaw,62,63,14.74515789,9.491557794,69.24180379,18.99908701,
ForrestShaw,68,69,14.79531134,9.523900533,69.81052614,18.69288567,
ForrestShaw,74,82,14.94188098,9.647720288,69.71559181,18.77281414,
ForrestShaw,84,87,14.86811141,9.548833623,69.46503928,18.91788222,
ForrestShaw,93,94,14.7571778,9.581331434,69.49576766,18.97500647,
ForrestShaw,103,104,14.86609336,9.793026957,69.81922456,18.83980309,
ForrestShaw,110,111,14.97915451,9.937258934,70.12668646,18.72007736,
ForrestShaw,113,115,15.04322892,10.00704757,70.2787129,18.57335623,
ForrestShaw,117,119,15.07660735,10.09430097,70.03436074,18.65857349,
ForrestShaw,121,126,14.97347595,10.1654176,69.76873025,18.70703432,
ForrestShaw,134,135,14.69143506,10.09551739,69.97931967,19.03665804,
ForrestShaw,137,139,14.70609811,10.13296107,70.03994447,19.14122291,
ForrestShaw,150,163,15.13230929,10.2565986,71.13248729,18.47435922,
ForrestShaw,166,168,15.36526913,10.48894845,69.81800887,18.91214666,
ForrestShaw,170,173,15.35985571,10.56045352,69.4927833,19.06410042,
ForrestShaw,175,176,15.25024037,10.58272101,69.11604721,19.29016198,
ForrestShaw,178,179,15.14451959,10.64039856,69.25729038,19.2984812,
ForrestShaw,187,188,15.56340801,10.22546307,71.02862234,17.94658533,
ForrestShaw,191,192,15.82151588,10.13454819,70.95807876,18.18678662,
ForrestShaw,194,196,16.07968843,10.29044134,70.77330591,18.38683905,
ForrestShaw,197,198,16.20609286,10.4145581,70.41756602,18.51456768,
ForrestShaw,199,200,15.97863857,10.31949811,70.31600377,18.63126005,
ForrestShaw,215,220,15.07976308,10.20047225,72.52962564,16.78495334,
ForrestShaw,221,222,14.51163879,10.14882309,71.74969189,17.04147485,
ForrestShaw,223,224,14.25059405,10.06681883,71.87666296,17.18785314,
ForrestShaw,229,230,13.20275574,8.771014624,71.99885033,17.58434124,
ForrestShaw,231,233,13.19624109,8.881302271,71.81551566,17.77272791,
ForrestShaw,238,247,13.51513099,9.211431285,72.97394021,17.23188804,
ForrestShaw,256,261,13.03960558,9.789887382,72.43162452,18.58380584,
ForrestShaw,264,265,12.46765097,11.16254263,69.12722151,19.50023991,
ForrestShaw,271,272,15.28502467,12.22785243,73.68210784,17.36433322,
ForrestShaw,276,277,17.33475236,10.73752909,80.39473636,9.501686738,
ForrestShaw,279,281,19.45417732,12.450272,81.04152596,10.07046395,
ForrestShaw,282,288,21.73274648,12.74070857,81.77604352,9.173840526,
GaryGulman1,5,7,21.54548704,9.739219123,67.39643506,18.80835416,
GaryGulman1,24,26,21.81132245,9.915355339,67.93151556,18.37524831,
GaryGulman1,37,39,21.96566055,10.08137286,68.1937894,18.1212314,
GaryGulman1,48,49,22.07987847,10.04792903,68.34204951,18.15546536,
GaryGulman1,53,55,22.13574648,10.02206816,68.40007323,18.14589225,
GaryGulman1,56,58,22.12852558,10.0399041,68.43606469,18.13185149,
GaryGulman1,69,71,22.43657108,10.20393106,68.63167248,18.10387093,
GaryGulman1,73,74,22.49278752,10.22812043,68.66331836,18.11451479,
GaryGulman1,78,79,22.65563418,10.28077544,68.80016467,18.08146526,
GaryGulman1,83,84,22.79689574,10.27882612,68.89674134,18.12182507,
GaryGulman1,87,88,22.83921417,10.28861405,69.06104379,17.98209415,
GaryGulman1,92,93,22.92571082,10.32560365,69.23709455,17.97648557,
GaryGulman1,103,109,23.19500943,10.41819745,69.71254097,17.84059842,
GaryGulman1,115,117,23.12046926,10.4037479,69.96793843,17.82729189,
GaryGulman1,120,122,23.06968559,10.23076776,70.07542983,17.84159071,
GaryGulman1,125,128,22.98706701,10.1781237,70.06518706,17.92046831,
GaryGulman1,130,132,22.90814436,10.11728743,70.0183159,17.99315905,
GaryGulman1,135,136,22.89776296,10.19761039,70.06168728,18.06921556,
GaryGulman1,137,139,22.91574874,10.19996531,70.217663,18.00186629,
GaryGulman1,141,142,22.7903379,10.1696882,70.15188004,18.09484314,
GaryGulman1,147,149,22.58209539,10.17859428,70.23235047,18.08886617,
GaryGulman1,155,162,22.8374706,10.27376323,70.5363647,18.10224246,
GaryGulman1,169,175,22.62830431,10.3515496,70.72442964,18.03585181,
GaryGulman1,182,184,22.44168628,10.23212401,71.0096482,17.91630001,
GaryGulman1,186,187,22.54700705,10.21715299,71.10299428,17.95281969,
GaryGulman1,193,197,22.62233679,10.40147506,71.1689936,17.96578139,
GaryGulman1,199,210,22.55239834,10.49389742,71.3021421,17.87916677,
GaryGulman1,213,215,21.90224187,10.23995938,70.50311519,18.18480681,
GaryGulman1,217,218,21.70164216,9.960685664,70.32996752,18.27203937,
GaryGulman1,219,220,21.70039839,9.999355803,70.27181417,18.33774186,
GaryGulman1,223,224,21.74697636,10.03576036,70.42286714,18.31872308,
GaryGulman1,228,229,21.73067034,10.1100992,70.59828075,18.19768129,
GaryGulman1,236,238,22.26507973,10.25691853,71.08459486,17.70385051,
GaryGulman1,242,246,22.44611654,10.24893776,71.76571118,17.36185824,
GaryGulman1,251,256,22.68566279,10.38010594,72.50190395,17.30891053,
GaryGulman1,262,265,22.84293369,10.18282949,72.86036364,17.2993712,
GaryGulman1,268,273,22.41829223,9.93422813,72.89090485,17.11852984,
GaryGulman1,280,282,21.76686561,8.791535849,72.75272914,17.52532247,
GaryGulman1,290,298,22.03884266,8.545708288,73.95218793,16.31046305,
GaryGulman1,302,303,22.11137645,8.451187291,73.11730247,16.7838269,
GaryGulman1,310,314,22.12734719,8.662680721,73.67549702,16.35701102,
GaryGulman1,317,318,22.05055227,8.877521459,73.89759071,16.23581169,
GaryGulman1,319,323,22.05661294,8.672198531,73.91786634,16.36290769,
GaryGulman1,325,338,21.67334943,8.330853053,74.1659204,16.41801975,
GaryGulman1,342,343,21.21325159,6.766119001,72.2950085,18.65373454,
GaryGulman1,347,349,21.42207391,7.350277171,71.31417166,19.78552864,
GaryGulman1,358,300,23.13217236,9.832803898,78.10033293,17.16156729,
GaryGulman1,303,306,22.06689273,8.438722104,73.13601206,16.80708462,
GaryGulman2,9,12,22.58898432,13.26366562,61.90146123,21.73884184,
GaryGulman2,16,18,22.75334847,13.37841584,62.04595544,21.70521942,
GaryGulman2,20,22,22.81085379,13.4148183,62.02659717,21.75947621,
GaryGulman2,28,30,23.09997451,13.51064123,62.01077874,21.8197763,
GaryGulman2,38,40,23.2631006,13.6365269,62.35309644,21.61328944,
GaryGulman2,47,48,23.5708167,13.70020244,62.44116501,21.69413969,
GaryGulman2,50,54,23.6363221,13.68747925,62.41557515,21.73749361,
GaryGulman2,56,62,23.6624249,13.77052521,62.31893804,21.85565447,
GaryGulman2,63,67,23.70734544,13.81633112,62.21474415,21.92028287,
GaryGulman2,72,74,23.58668223,13.6728827,62.10035062,21.99561597,
GaryGulman2,82,84,23.68661232,13.67199747,62.11856583,22.00637194,
GaryGulman2,87,89,23.80839591,13.78230205,61.97125597,22.07358162,
GaryGulman2,93,96,23.87526425,13.9231356,61.71812676,22.15470807,
GaryGulman2,105,115,23.84118496,13.79229798,62.03790083,22.1556124,
GaryGulman2,117,122,23.54888369,13.6587103,61.47415371,22.39684815,
GaryGulman2,123,125,23.51673685,13.745474,61.11339982,22.41947527,
GaryGulman2,133,134,23.53454763,13.92643369,61.17320064,22.60640523,
GaryGulman2,136,139,23.55118699,13.78659381,61.31205731,22.58371666,
GaryGulman2,143,145,23.63280956,13.8395545,61.14162905,22.67155838,
GaryGulman2,153,158,23.7293485,13.7395099,61.4033128,22.66318613,
GaryGulman2,163,166,23.89130188,14.01521781,60.62133554,22.81501655,
GaryGulman2,176,177,23.46243285,13.81904131,60.73486863,22.71803403,
GaryGulman2,182,191,23.62702311,14.04389241,60.75958459,22.75264163,
GaryGulman2,193,199,23.46369255,14.23747549,59.53371824,22.77172209,
GaryGulman2,205,206,23.47821438,14.0453979,59.74248631,22.90070929,
GaryGulman2,211,212,23.78180364,13.76217223,60.21615969,22.90425859,
GaryGulman2,215,216,23.92080538,13.83349336,60.25325273,22.99879851,
GaryGulman2,224,226,24.31191061,13.87027074,61.87365168,22.51780247,
GaryGulman2,230,232,24.59891265,13.99047459,62.18744648,22.65821127,
GaryGulman2,237,239,24.74575517,13.88416114,62.81262104,22.49456719,
GaryGulman2,242,248,24.94729494,13.45974179,62.88053357,22.78303995,
GaryGulman2,250,253,25.05932422,13.43521867,61.72443275,23.1060253,
GaryGulman2,261,263,25.2051794,13.24157746,60.69823517,23.54940037,
GaryGulman2,271,272,24.92421012,13.03465228,63.27305949,22.0198775,
GaryGulman2,275,276,24.93481381,12.83160541,64.34819736,21.68754125,
GaryGulman2,279,281,25.11813685,13.00445124,65.06580679,21.56146326,
GaryGulman2,286,294,25.41090514,13.26719029,65.48876881,21.76905727,
GaryGulman2,297,300,25.97035596,13.16385817,65.32773625,22.35417632,
GaryGulman2,303,305,26.35370889,13.11980116,66.44677837,22.29630186,
GaryGulman2,311,312,26.04939018,10.9985647,71.10087985,18.76617925,
GaryGulman2,314,316,25.91015433,10.38429151,72.60311578,18.09724417,
GaryGulman2,318,319,25.56641369,10.13128885,72.09587803,18.11978376,
GaryGulman2,322,324,25.77991665,10.69526788,71.93753503,18.44954509,
GaryGulman2,329,332,24.31427686,12.0350062,70.40658648,19.29768149,
GaryGulman2,336,339,22.64742725,10.15323509,70.79592179,19.02240643,
GaryGulman2,341,344,26.30485336,12.85284014,72.94375972,21.9013332,
GaryGulman3,13,17,23.46746866,13.4106977,66.93229396,20.28003191,
GaryGulman3,21,22,23.53016781,13.53150948,66.95901907,20.38884154,
GaryGulman3,24,26,23.58265986,13.55827071,66.9575883,20.46010062,
GaryGulman3,32,34,23.50145141,13.67620996,67.01962683,20.46623133,
GaryGulman3,37,38,23.50420299,13.78094483,66.77050896,20.54090847,
GaryGulman3,40,41,23.54475954,13.82682935,66.70758156,20.56587447,
GaryGulman3,51,55,24.05878217,13.90985931,67.11758841,20.44780386,
GaryGulman3,58,63,24.12497299,14.04705918,67.08147821,20.4654871,
GaryGulman3,65,67,24.1764515,14.14173565,66.87775895,20.6458925,
GaryGulman3,71,72,23.39248745,13.53108757,66.60212091,20.57197584,
GaryGulman3,74,75,23.10625191,13.29859506,66.47010329,20.61502047,
GaryGulman3,77,78,22.95420103,13.25897529,66.38709952,20.67604193,
GaryGulman3,88,93,22.5572971,13.45345592,66.53742173,20.40160403,
GaryGulman3,99,101,21.66204067,12.98080852,66.20804102,20.50178229,
GaryGulman3,112,116,22.18113458,13.2230627,67.09009707,20.32446235,
GaryGulman3,121,132,22.08992793,13.33808509,67.03792425,20.3435177,
GaryGulman3,134,135,22.15057802,13.4352981,66.27274879,20.51379356,
GaryGulman3,143,145,21.74890902,13.5498566,66.09791811,20.58899624,
GaryGulman3,147,148,21.50713179,13.55451932,65.78378446,20.62813304,
GaryGulman3,165,168,21.99962004,14.19027985,66.9114177,20.24605516,
GaryGulman3,172,174,21.77293426,14.00199519,66.5534734,20.44357547,
GaryGulman3,178,183,21.63925972,14.00935792,66.87024543,20.47089186,
GaryGulman3,185,190,20.51069078,12.85591093,66.47752422,20.61744331,
GaryGulman3,199,204,20.54270151,13.20385013,67.11450875,20.7129176,
GaryGulman3,206,208,19.84367617,12.44274751,66.02527218,20.98909101,
GaryGulman3,211,213,19.06812794,11.89365373,65.59280331,21.29649853,
GaryGulman3,216,219,18.48260632,11.55626247,64.8186033,21.49414165,
GaryGulman3,223,224,18.53432269,11.77925139,64.6246549,21.27879393,
GaryGulman3,227,232,18.70815602,12.11179424,64.17265403,21.58754178,
GaryGulman3,254,255,21.36283648,14.05618165,66.41967893,22.76705369,
GaryGulman3,262,263,20.03015103,11.42952467,69.10100008,22.62626239,
GaryGulman3,275,283,23.22826327,12.26931661,79.53808107,15.32222941,
GaryGulman3,286,289,19.74853505,7.874225723,78.9831751,12.85317704,
GaryGulman3,292,293,21.13047754,9.092381322,78.52134219,13.47610359,
HelenHong1,13,14,35.65731245,19.14533265,84.51356799,9.061477807,
HelenHong1,23,24,35.66760849,19.42272664,84.51599598,9.067577171,
HelenHong1,36,38,36.03545876,19.73742931,84.56255241,9.096667594,
HelenHong1,45,46,35.75117798,19.69641865,84.59405086,9.194734418,
HelenHong1,48,49,35.58630204,19.80385412,84.60001255,9.199199495,
HelenHong1,53,54,35.3786803,19.77748642,84.57752739,9.247016285,
HelenHong1,57,58,35.19079265,19.6636884,84.51865321,9.275230878,
HelenHong1,71,77,36.05039551,19.87533625,84.85287371,9.206131931,
HelenHong1,96,97,36.50988644,20.52817214,84.58855048,9.516629821,
HelenHong1,107,108,36.11020041,20.93040024,84.98905396,9.10846322,
HelenHong1,122,123,34.67702359,19.53450195,84.84691961,9.391733399,
HelenHong1,148,149,34.84288379,20.43072568,85.04736607,9.212549175,
HelenHong1,168,171,36.7393026,21.4927059,85.20453483,9.104941879,
HelenHong1,178,179,38.66345528,21.56981018,85.41051353,8.862309781,
HelenHong1,181,182,38.49777122,21.5017367,85.43231861,8.951386468,
HelenHong1,195,196,39.97630479,22.83239566,85.16755502,9.009739451,
HelenHong1,213,214,45.24395458,26.03599865,86.17727563,8.773572951,
HelenHong1,232,240,47.98291796,17.86257452,88.52083143,6.200966917,
HelenHong2,7,9,40.19986323,21.17471624,61.50338909,15.77471211,
HelenHong2,12,17,39.62105496,20.69854032,61.35278105,15.78170967,
HelenHong2,23,24,39.8889505,20.75218947,61.06384702,15.83219021,
HelenHong2,39,46,40.47867368,20.91958545,61.32769604,15.6814385,
HelenHong2,50,53,40.27164035,21.00671424,61.16341697,15.72035215,
HelenHong2,55,57,40.48455007,21.02901275,60.99354783,15.77029225,
HelenHong2,59,62,40.52363893,21.05850435,60.99807404,15.78697203,
HelenHong2,68,71,40.36962251,21.07946229,61.12965529,15.78705764,
HelenHong2,84,88,40.59802973,21.38951712,61.15009881,15.80445306,
HelenHong2,99,100,41.10157435,21.56109487,61.30612212,15.83123549,
HelenHong2,114,116,41.77298945,21.57899024,61.87590613,15.4895125,
HelenHong2,119,122,41.71337288,21.63308351,61.84850066,15.58394012,
HelenHong2,134,138,41.60390611,21.54863699,61.63519816,15.71798893,
HelenHong2,151,153,41.94409587,21.77225136,62.07557626,15.78064946,
HelenHong2,173,177,41.91039035,22.07513487,62.11627959,16.09952612,
HelenHong2,180,181,42.02321367,22.33704578,62.37354063,16.20354697,
HelenHong2,194,195,41.80121444,22.25543323,61.78765552,16.68306814,
HelenHong2,199,200,41.79774955,22.37613219,61.96651909,16.77544538,
HelenHong2,222,226,42.6351767,23.48571645,62.92726939,16.5691345,
HelenHong2,236,237,43.86185275,24.31184967,63.36552257,16.24938118,
HelenHong2,259,260,48.14818323,24.99649664,66.14083984,14.66679434,
HelenHong2,267,268,48.68993031,25.70447307,67.22930201,14.65153789,
HelenHong2,273,275,50.12012992,25.8957374,68.53892669,14.48315957,
HelenHong2,281,285,52.2603407,28.20979832,68.16130936,15.26051401,
HelenHong2,288,289,53.79153525,29.01296568,68.71933518,16.46077988,
HelenHong2,309,317,56.17952185,23.43627652,78.94805882,8.425530702,
JackieKashian,2,5,42.71657602,15.64333613,68.14238522,18.09241846,
JackieKashian,19,20,42.98379996,15.57754097,68.23700818,18.00103063,
JackieKashian,23,24,42.99672184,15.64433334,68.30193965,18.02779678,
JackieKashian,29,32,43.08065067,15.64699515,68.4516831,17.89206366,
JackieKashian,36,37,42.98444853,15.58732088,68.18226178,17.92122057,
JackieKashian,39,41,43.0119442,15.59313833,68.12584735,17.92219997,
JackieKashian,57,58,43.59501658,15.87953996,68.24830637,17.92651175,
JackieKashian,64,66,43.78787778,15.84693443,68.30313388,17.96806337,
JackieKashian,77,79,43.80549199,15.76843889,68.60606814,17.66088379,
JackieKashian,81,83,43.85713108,15.80692245,68.57120709,17.642731,
JackieKashian,94,100,43.56318778,15.73050114,68.82299356,17.43492258,
JackieKashian,105,107,43.42040849,15.55259581,68.43393826,17.49669722,
JackieKashian,122,124,43.50551019,15.5011392,68.50026548,17.4825273,
JackieKashian,126,128,43.54222155,15.47080309,68.5013699,17.52839382,
JackieKashian,137,138,43.8283618,15.61646927,68.49795199,17.60648618,
JackieKashian,151,152,43.68581703,15.53560792,69.03610902,17.27584872,
JackieKashian,155,156,43.54685733,15.56753683,68.93751559,17.35900322,
JackieKashian,161,163,43.37042204,15.71490964,68.40980762,17.40079788,
JackieKashian,168,169,43.64534807,15.86897344,67.957873,17.52975569,
JackieKashian,201,203,45.5338901,16.23288394,68.96051981,17.32206999,
JackieKashian,227,228,44.63705898,15.00571323,69.52581985,17.32058566,
JackieKashian,231,237,44.34422583,15.17467988,69.62882583,17.35705155,
JackieKashian,242,244,43.29542908,14.66460855,68.04000623,17.55169456,
JackieKashian,257,258,43.0219464,15.00440694,67.56064394,17.67718028,
JackieKashian,267,268,43.28149385,16.23545156,67.84480279,18.53359045,
JackieKashian,271,272,44.04752585,16.67269882,66.32144977,19.12717592,
JackieKashian,283,275,41.97870201,18.11258737,67.33891657,21.18269575,
JackieKashian,287,288,41.02318648,18.9035726,68.23850131,20.54244952,
JackieKashian,291,292,33.08317552,8.549701249,75.42663972,12.76789564,
JackWhitehall1,2,4,26.75968007,17.34947847,79.67512407,12.58996477,
JackWhitehall1,11,12,26.71713743,17.38968403,79.55884142,12.61110406,
JackWhitehall1,16,17,26.58261897,17.45116515,79.50849783,12.6286436,
JackWhitehall1,26,31,26.85433666,17.59222491,79.68297007,12.34530006,
JackWhitehall1,47,48,27.47240202,17.76493205,79.71441228,12.41084705,
JackWhitehall1,56,57,27.74780086,18.00998887,79.631532,12.45808382,
JackWhitehall1,66,68,27.78249858,18.22839412,79.52365795,12.57601899,
JackWhitehall1,72,73,27.54256957,18.15275074,79.34862185,12.59694186,
JackWhitehall1,77,78,27.61577404,18.23907863,79.39608876,12.62679654,
JackWhitehall1,84,85,27.63820831,18.35004834,79.41694548,12.60281899,
JackWhitehall1,99,100,28.57721001,18.50471599,79.55234602,12.58370977,
JackWhitehall1,113,114,29.14328921,18.71507309,79.69588281,12.4024379,
JackWhitehall1,134,136,29.80866874,19.04860447,79.82251778,12.18633598,
JackWhitehall1,141,146,29.75529175,18.92785464,79.80532043,12.24193171,
JackWhitehall1,158,159,30.62598869,18.86144106,80.02849198,12.34291805,
JackWhitehall1,226,227,23.58078227,13.55904667,78.92489317,13.16586412,
JackWhitehall1,241,243,24.04552272,13.44922464,79.1434731,13.17576467,
JackWhitehall1,262,263,23.38890754,12.94998985,79.09644521,13.58206923,
JackWhitehall1,266,268,23.57101915,13.12644945,79.1633453,13.64149922,
JackWhitehall1,280,281,24.23440075,13.21279936,81.18549715,11.57074565,
JackWhitehall1,305,306,28.2479293,13.06112,83.51043898,10.43822152,
JacquelineNovak,5,7,43.34038482,14.85636717,75.9687495,18.06490695,
JacquelineNovak,14,15,43.14077317,14.82771918,75.80044757,18.15978282,
JacquelineNovak,18,19,43.07513971,14.79008078,75.73459172,18.20800015,
JacquelineNovak,23,24,43.11991744,14.76968807,75.79691345,18.20251825,
JacquelineNovak,31,33,43.04476387,14.85692584,75.84714644,18.16008819,
JacquelineNovak,36,37,42.8842667,14.64124163,75.88692915,18.18607945,
JacquelineNovak,43,46,42.94032679,14.71064522,75.85989091,18.25566927,
JacquelineNovak,61,69,43.530056,14.83195154,76.19107659,18.12739597,
JacquelineNovak,71,72,43.57616653,14.77156999,75.79362947,18.23941241,
JacquelineNovak,78,83,43.7898316,14.74379767,75.91127012,18.15422476,
JacquelineNovak,93,94,44.09310907,14.69455536,76.00081364,18.14462588,
JacquelineNovak,103,107,44.09393512,14.87198981,75.9883671,18.05578988,
JacquelineNovak,109,110,44.09609476,14.83571817,75.92273256,18.1450365,
JacquelineNovak,116,117,43.64790607,14.61452156,75.68838988,18.266929,
JacquelineNovak,121,122,43.49332996,14.60326049,75.52073384,18.36139703,
JacquelineNovak,123,124,43.3940302,14.61145607,75.40749361,18.3997933,
JacquelineNovak,126,127,43.35790551,14.55969229,75.48122975,18.41867133,
JacquelineNovak,135,136,43.58601465,14.522314,75.49159299,18.56774691,
JacquelineNovak,141,148,43.10962755,14.38669811,75.32123079,18.66910115,
JacquelineNovak,153,154,42.6245679,14.17494312,74.56431811,18.91428682,
JacquelineNovak,165,166,42.36943627,13.94690181,74.61080138,18.96002529,
JacquelineNovak,171,172,42.23546134,13.91947563,74.42010807,19.02796017,
JacquelineNovak,182,183,42.82260558,14.10556444,74.00894926,19.22100046,
JacquelineNovak,188,189,43.04906715,14.13125371,74.26206208,19.08123491,
JacquelineNovak,197,198,42.20854335,13.51215187,74.34003228,19.01151574,
JacquelineNovak,207,208,41.45067973,13.11601958,74.57388596,18.69224998,
JacquelineNovak,217,218,41.45584411,13.32572026,75.09480081,18.02941033,
JacquelineNovak,227,228,41.47104251,13.52311804,74.82695256,18.13680254,
JacquelineNovak,236,238,40.77618467,13.06175356,74.62699216,18.38630493,
JacquelineNovak,241,242,40.73423336,13.07110963,74.70742713,18.4225806,
JacquelineNovak,251,252,40.18520566,13.27697272,74.54694743,18.61324376,
JacquelineNovak,266,147,41.42605204,13.64234276,75.19781774,18.44342058,
JacquelineNovak,275,276,41.54411836,13.45226428,75.03004852,18.6650974,
JacquelineNovak,281,282,41.54693553,13.72758873,74.80156276,19.06349529,
JacquelineNovak,288,290,41.00302337,13.75115085,75.46771708,18.58593094,
JacquelineNovak,293,296,39.99833176,13.48849207,75.57308,18.66266907,
JacquelineNovak,311,312,39.78181336,14.55732248,77.28798904,16.90282739,
JacquelineNovak,316,317,39.1396389,15.27387736,78.78208533,15.69929643,
JacquelineNovak,320,321,39.56036597,16.02615609,78.77506698,16.36246255,
JacquelineNovak,326,327,38.65155696,15.66517708,81.9082356,14.95610682,
JenKirkman,35,37,36.68190713,14.41820835,67.36646071,19.62767356,
JenKirkman,51,52,36.16221229,14.41246896,67.08483987,19.57463117,
JenKirkman,57,58,35.46435698,13.52778023,66.97075941,19.52894311,
JenKirkman,62,63,35.54119297,13.5168344,66.88942273,19.6393938,
JenKirkman,72,73,35.12300363,13.39417714,66.85812915,19.40894988,
JenKirkman,77,78,35.1239254,13.46088885,66.95867689,19.21761018,
JenKirkman,82,83,35.12014109,13.54194882,66.93010172,19.28110808,
JenKirkman,85,86,35.10928736,13.53992089,66.77403167,19.31495704,
JenKirkman,91,93,35.22414039,13.56207722,66.89000186,19.29728812,
JenKirkman,104,105,35.28956735,13.742844,66.7286575,19.31269921,
JenKirkman,112,113,34.25994039,12.94000139,66.23543066,19.354214,
JenKirkman,129,131,34.18057877,12.76614317,65.92658951,19.55682171,
JenKirkman,143,144,34.46322766,12.88930592,66.10581135,19.26042155,
JenKirkman,149,150,34.69583841,12.95763207,66.10515541,19.27221802,
JenKirkman,169,170,34.53237768,13.18497065,66.26612503,19.42310999,
JenKirkman,173,177,34.03311094,12.82524118,65.80999175,19.4642546,
JenKirkman,184,185,34.39738791,12.80596433,66.02842929,19.66909552,
JenKirkman,196,197,34.5248441,12.47066421,65.79010709,19.73484787,
JenKirkman,199,200,34.57627164,12.49415109,65.86515462,19.7976066,
JenKirkman,210,211,34.53483889,12.57272666,66.73130779,19.55433209,
JenKirkman,230,231,34.91411561,13.24485405,67.69096723,18.79330417,
JenKirkman,234,235,34.75984784,13.38045875,67.03488653,18.97133791,
JenKirkman,243,246,33.47456198,13.1855269,65.85643822,19.22248473,
JenKirkman,260,261,34.76453475,13.53329745,64.83831155,19.68908288,
JenKirkman,268,269,31.14490786,11.51960253,62.35936965,19.94714843,
JenKirkman,286,287,32.07813944,11.06607527,66.4681438,19.25429861,
JenKirkman,296,297,34.21921064,12.42283132,77.02408292,11.86607401,
JennyZigrino,1,7,40.36459133,16.91008733,66.37645303,21.28427926,
JennyZigrino,12,13,39.93641495,16.65187474,66.14858474,21.16889023,
JennyZigrino,20,22,39.59023407,16.66032343,66.40294132,20.9258139,
JennyZigrino,23,24,39.62886156,16.6520643,66.38571793,20.95144794,
JennyZigrino,36,44,40.14190781,16.77288417,67.2950239,20.53694495,
JennyZigrino,46,48,40.11109711,16.60266664,67.19066024,20.76757894,
JennyZigrino,50,55,40.08668195,16.62317939,67.19204605,20.85984259,
JennyZigrino,64,66,40.37673016,16.74807913,67.17788274,20.82669467,
JennyZigrino,71,75,40.70598436,16.74546778,67.23737323,20.889177,
JennyZigrino,86,88,41.1303469,16.94176527,67.284782,21.02871485,
JennyZigrino,93,101,41.05427329,16.98568897,67.04755842,21.14978644,
JennyZigrino,106,107,40.91804325,16.85884734,66.27101872,21.20639427,
JennyZigrino,116,118,40.37650421,16.70542081,66.18711954,21.23524707,
JennyZigrino,122,124,40.21445494,16.82913935,65.97229259,21.34662362,
JennyZigrino,133,134,40.05398955,17.22546913,66.13340837,21.37528082,
JennyZigrino,136,138,39.55214194,16.91798521,66.00974981,21.47822035,
JennyZigrino,142,143,38.45850747,16.0148977,65.5455376,21.57850879,
JennyZigrino,149,158,39.00863142,16.30385436,65.61742646,21.68281841,
JennyZigrino,162,163,39.52011622,16.30297542,64.70757463,21.70354704,
JennyZigrino,164,168,39.68539917,16.22170243,64.88143565,21.69061431,
JennyZigrino,175,177,39.87925028,16.24899287,65.14547961,21.68452362,
JennyZigrino,183,186,40.23667402,16.13998699,65.05269435,21.80353841,
JennyZigrino,190,195,40.45139554,16.31413388,65.2572144,21.93564537,
JennyZigrino,202,203,40.67630153,15.88887468,64.54086769,22.17744233,
JennyZigrino,211,216,39.43846083,15.43878949,64.33560035,22.32516544,
JennyZigrino,223,224,39.50956594,15.20758371,63.49701185,22.8126264,
JennyZigrino,245,247,41.65273971,16.21424972,65.80763952,22.73868214,
JennyZigrino,249,250,42.24369405,16.03859763,65.57923997,23.36097117,
JennyZigrino,270,271,47.46106899,18.35688935,74.8403021,16.46681807,
JennyZigrino,273,283,49.804206,17.68826504,77.83773288,14.18265055,
JennyZigrino,288,296,53.7428712,20.21281107,82.19714534,10.78666309,
JerrySeinfeld1,1,5,24.09465439,12.12696691,71.84429841,16.72958651,
JerrySeinfeld1,9,12,23.89537709,11.87715222,71.6028331,16.79464407,
JerrySeinfeld1,17,19,23.50201951,11.49029287,71.42356053,16.86382203,
JerrySeinfeld1,26.3,26.8,23.47578375,11.66467008,71.3801416,16.92048334,
JerrySeinfeld1,28,31.2,23.50470196,11.68937868,71.39630106,16.92174553,
JerrySeinfeld1,46,49,23.19430459,11.81172193,71.27982335,16.97560213,
JerrySeinfeld1,54,56,23.02756096,11.80990388,71.22717271,17.09595294,
JerrySeinfeld1,66,69,23.23344696,12.08104668,71.08569645,17.22016566,
JerrySeinfeld1,118,119,23.65814032,12.30607299,71.55455459,16.97883549,
JerrySeinfeld1,126,130,23.7204108,12.40422599,71.83804123,16.63151531,
JerrySeinfeld1,131,132,23.65632243,12.40380603,71.80356139,16.72822697,
JerrySeinfeld1,136,138,23.63850736,12.45414021,71.69285862,16.85327999,
JerrySeinfeld1,144,146,23.4153691,12.36898928,72.01553355,16.35078054,
JerrySeinfeld1,149,153,23.3223805,12.42775752,72.07535885,16.32141988,
JerrySeinfeld1,156,160,23.21428981,12.52213409,71.98838549,16.34458761,
JerrySeinfeld1,169,171,22.99038079,12.19680093,71.49715271,16.59817087,
JerrySeinfeld1,177,178,23.07887948,12.39743916,71.61675966,16.61968464,
JerrySeinfeld1,188,190,23.32863884,12.66382818,71.87309926,16.21398766,
JerrySeinfeld1,200,202,23.07381074,13.1056965,72.22582818,15.77870689,
JerrySeinfeld1,204,206,22.96434681,13.01399854,72.36893477,15.59030343,
JerrySeinfeld1,218,219,22.57814079,13.13310619,71.84543226,16.14249989,
JerrySeinfeld1,225,226,22.82463593,13.28207494,72.27745093,15.85409057,
JerrySeinfeld1,230,232,22.90114771,13.44120411,72.2427873,15.81067649,
JerrySeinfeld1,243,245,23.38468471,13.68380631,71.82118394,16.1446235,
JerrySeinfeld1,268,270,22.1743417,14.63134805,70.93977646,17.05913916,
JerrySeinfeld1,280,282,19.90908625,12.00520791,71.16443659,17.362565,
JerrySeinfeld1,296,298,20.02372926,13.23341028,71.02441504,17.51812515,
JerrySeinfeld1,332,335,24.84062204,21.97041595,84.07684658,7.593014407,
JerrySeinfeld2,2,4,23.14524159,13.41437842,95.65153551,2.700084852,
JerrySeinfeld2,11,12,23.38897598,13.53867593,95.66214196,2.706676374,
JerrySeinfeld2,16,17,23.48313136,13.60621664,95.69516815,2.656178912,
JerrySeinfeld2,26,31,23.77254546,13.70404544,95.712105,2.62665992,
JerrySeinfeld2,47,48,23.89290978,14.06203602,95.76109296,2.596151727,
JerrySeinfeld2,56,57,23.83241394,14.05831128,95.76867639,2.613249586,
JerrySeinfeld2,66,68,23.8838572,14.10841535,95.74431481,2.631688704,
JerrySeinfeld2,72,73,23.71271489,14.04469738,95.75448939,2.644804943,
JerrySeinfeld2,77,78,23.62407982,13.89233855,95.80559694,2.639992411,
JerrySeinfeld2,84,85,23.21471681,13.91775429,95.79919807,2.64040449,
JerrySeinfeld2,99,100,22.92460687,14.0751784,95.86516942,2.429749104,
JerrySeinfeld2,113,114,22.87958584,14.49062866,95.87483128,2.430095559,
JerrySeinfeld2,134,136,22.88180969,14.348241,95.83783402,2.422533446,
JerrySeinfeld2,141,146,22.97391914,14.50152302,95.87147676,2.419763171,
JerrySeinfeld2,158,159,23.35192706,14.73286366,96.0339746,2.265528705,
JerrySeinfeld2,226,227,26.59044037,17.07138127,96.32307624,2.248837531,
JerrySeinfeld2,241,243,29.27868245,17.45111611,96.57499689,2.124522315,
JerrySeinfeld2,262,263,31.52211814,20.93843909,96.54623582,2.193483775,
JerrySeinfeld2,266,268,34.21955666,22.001735,96.53187397,2.269314623,
JerrySeinfeld2,280,281,32.8322148,20.08493804,96.20853982,2.925326113,
JerrySeinfeld2,305,306,,,,,
JimmyCarr1,8,11,19.56076707,14.45708384,79.8585292,13.64556241,
JimmyCarr1,18,27,19.4805751,14.28361069,79.9412237,13.58683271,
JimmyCarr1,32,36,19.3394087,14.13062908,79.88510234,13.56086533,
JimmyCarr1,46,52,19.50169981,14.21450518,79.97798874,13.57721953,
JimmyCarr1,63,64,19.8851588,14.3737224,80.02280858,13.31275204,
JimmyCarr1,67,74,19.86564126,14.30830248,80.24984772,13.1079235,
JimmyCarr1,77,78,19.80542105,14.2941446,79.95865925,13.22224652,
JimmyCarr1,83,92,19.87129045,14.38567909,80.04456881,13.24171991,
JimmyCarr1,94,96,19.93720397,14.34523406,80.03963322,13.45125296,
JimmyCarr1,102,110,20.05697879,14.57367442,80.13363445,13.33796535,
JimmyCarr1,134,143,21.03139645,15.16587878,80.33348084,13.30220415,
JimmyCarr1,158,170,20.87020538,15.47795741,80.54578176,12.85907022,
JimmyCarr1,173,176,20.31970827,15.05115824,80.39110738,13.088463,
JimmyCarr1,177,148,20.42264442,15.0338954,80.36854552,13.10986614,
JimmyCarr1,186,195,20.45093026,15.2478758,80.33306066,13.15930337,
JimmyCarr1,199,202,20.55270265,15.40364181,79.74252731,13.47326526,
JimmyCarr1,207,215,20.92233875,15.89971364,79.60246037,13.78004367,
JimmyCarr1,223,231,20.65744103,15.14032446,79.92572313,13.47528018,
JimmyCarr1,239,243,19.41817304,13.51857569,78.82325889,14.08105053,
JimmyCarr1,244,245,18.52119708,12.60857684,78.41012265,14.31771599,
JimmyCarr1,251,255,18.31637588,12.57274505,78.62434902,14.52169781,
JimmyCarr1,263,265,18.19477461,12.66269457,78.21112184,15.13075156,
JimmyCarr1,286,293,21.65799594,12.87173767,81.27038692,13.37050686,
JoelKimBooster,12,13,19.68585674,9.985220234,69.19107381,19.23057694,
JoelKimBooster,15,16,19.63685284,9.961297475,69.17648877,19.27791004,
JoelKimBooster,19,21,19.51153822,9.838984881,69.09724885,19.32372334,
JoelKimBooster,41,42,19.57354658,9.943861257,69.12513622,19.49098163,
JoelKimBooster,44,45,19.53785189,9.925881317,69.0768948,19.52532814,
JoelKimBooster,48,49,19.55696728,9.984544349,68.96873017,19.59774565,
JoelKimBooster,52,53,19.58652632,9.917777494,69.03882962,19.63418384,
JoelKimBooster,63,70,19.65097189,10.04028599,69.12013309,19.74339437,
JoelKimBooster,74,75,19.49652697,9.817512256,68.45979695,19.87492834,
JoelKimBooster,89,90,19.34130744,9.845640805,68.58597808,19.97471378,
JoelKimBooster,92,99,19.20487106,9.83355443,68.46178558,20.01717841,
JoelKimBooster,117,118,19.47142585,10.04747059,68.2970914,20.27457748,
JoelKimBooster,120,125,19.56905129,10.09179748,68.28658923,20.36973048,
JoelKimBooster,135,136,19.76963744,10.14956941,67.45532012,20.50142188,
JoelKimBooster,139,141,19.8006874,10.15646209,67.55894033,20.60429977,
JoelKimBooster,143,144,19.85258098,10.21485548,67.4574853,20.68426482,
JoelKimBooster,161,163,20.43616113,10.61625135,68.05298182,20.85842239,
JoelKimBooster,185,192,21.26366209,11.0456721,68.52347818,21.26234472,
JoelKimBooster,209,210,21.76801023,11.69927412,67.90690947,21.97955823,
JoelKimBooster,219,220,22.07331716,12.22241097,67.3733702,22.56022331,
JoelKimBooster,245,246,23.6704772,11.7695926,65.91367457,24.62491925,
JoelKimBooster,264,145,26.68997404,12.30940518,65.99691866,27.18286033,
JoelKimBooster,273,276,27.0318442,13.04377489,61.94019223,29.22522565,
JuddApatow,2,3,25.1536077,13.76819756,70.82707993,14.90211463,
JuddApatow,10,14,25.59181414,13.84569044,70.82658056,14.74668523,
JuddApatow,18,19,25.6590803,13.90017002,70.94201865,14.73755299,
JuddApatow,26,29,26.06034448,13.95938073,71.05974696,14.7253424,
JuddApatow,31,33,26.20025735,13.99140723,71.10155509,14.78886999,
JuddApatow,40,42,26.28907595,14.22025679,71.27712026,14.66100289,
JuddApatow,56,64,27.19167255,14.35206578,71.58668043,14.28850803,
JuddApatow,69,70,27.08272048,14.1449046,71.66108421,14.46499162,
JuddApatow,73,74,27.25592054,14.32368488,71.64051252,14.46402073,
JuddApatow,78,82,27.63267004,14.52517834,71.51477876,14.52456183,
JuddApatow,83,85,27.76993768,14.6362187,71.42029393,14.67478755,
JuddApatow,88,90,28.23400843,14.69403651,71.39944786,14.80718001,
JuddApatow,105,106,30.49874992,14.28250883,72.35002408,14.21860222,
JuddApatow,112,115,31.03826222,14.21820107,72.46947814,13.80928748,
JuddApatow,116,117,30.79600079,14.34324025,72.2067959,13.84246117,
JuddApatow,119,120,30.80790223,14.47880688,72.05076753,13.87321893,
JuddApatow,121,122,30.83631872,14.5008749,72.0543156,13.96724137,
JuddApatow,128,129,31.9860959,14.35416083,72.28179609,13.87696181,
JuddApatow,141,142,34.98221101,12.82150908,71.93508161,13.76255996,
JuddApatow,145,149,35.73176134,12.48217129,72.06136915,13.58931929,
JuddApatow,161,171,36.60891575,11.45994799,73.0899019,12.40573395,
JuddApatow,174,175,36.66548222,11.12761974,72.80699341,13.13676297,
JuddApatow,178,179,37.6485573,11.15386544,73.05950195,12.93455606,
JuddApatow,183,185,38.09852291,10.90128127,73.62360763,12.6069946,
JuddApatow,186,187,38.42702757,11.25804723,73.71753429,12.2423686,
JuddApatow,192,193,38.06864475,11.81210309,73.50117306,12.31046473,
JuddApatow,197,198,37.77085918,12.33524564,74.19970087,11.85681156,
JuddApatow,200,207,36.95878591,11.97478242,74.15933837,11.94679147,
JuddApatow,211,213,34.1561942,13.0079861,75.42959782,12.46029542,
JuddApatow,215,219,34.31684089,12.78393336,75.8714526,12.47850841,
JuddApatow,225,229,30.75350551,14.34275429,79.72283406,9.259551018,
KevinNealon1,9,10,19.25716473,16.85401487,76.54831751,15.27890135,
KevinNealon1,27,29,19.67419503,17.23070377,76.72970874,15.18589315,
KevinNealon1,34,36,19.7148782,17.25163112,76.71955185,15.23390022,
KevinNealon1,61,64,19.69769052,16.03793923,76.63654159,15.18706747,
KevinNealon1,75,76,20.07050376,16.09173015,76.8340452,15.04969453,
KevinNealon1,86,87,20.38316683,16.06928483,76.85105941,15.13853062,
KevinNealon1,98,100,20.01063407,15.67420571,76.48150896,15.33479383,
KevinNealon1,106,107,20.27143547,15.84792752,76.32061229,15.51695014,
KevinNealon1,133,135,20.52044593,16.1500731,77.16568247,14.78916954,
KevinNealon1,150,152,20.68378443,16.6936612,77.52998173,14.24074907,
KevinNealon1,165,166,20.69395133,17.33529389,77.41018804,14.26028507,
KevinNealon1,171,173,20.29420879,17.38591777,77.22732387,14.37535888,
KevinNealon1,199,200,21.24714143,17.93247103,76.96653573,14.49751285,
KevinNealon1,205,206,21.47515654,17.87611879,77.07069204,14.45834841,
KevinNealon1,221,223,21.87661453,18.02711444,76.32614918,14.8424975,
KevinNealon1,235,237,24.69688981,18.92974051,76.43824071,14.830377,
KevinNealon1,248,250,23.03255639,18.47828033,75.57934231,15.63216243,
KevinNealon1,271,275,24.10313402,20.256685,78.21792129,13.49842346,
KevinNealon1,282,385,25.61563253,19.08166697,80.77173255,12.97702998,
MaggieMayaStandUp,6,8,36.08353379,15.67120959,67.70124651,18.88909936,
MaggieMayaStandUp,11,16,36.27032174,15.73140826,67.78190732,18.87817278,
MaggieMayaStandUp,26,29,36.67097462,15.90249176,67.93135978,18.8839503,
MaggieMayaStandUp,35,36,36.57877314,16.023391,68.22051799,18.44533684,
MaggieMayaStandUp,39,42,36.68616448,16.08143311,68.33411841,18.45372242,
MaggieMayaStandUp,44,54,36.67262799,16.0907359,68.33692341,18.4640723,
MaggieMayaStandUp,59,66,36.79164412,16.01791924,67.92877563,18.61881128,
MaggieMayaStandUp,77,81,37.27625182,16.1433259,67.80364673,18.89863068,
MaggieMayaStandUp,94,97,37.76849986,16.27435574,68.1728643,18.61230346,
MaggieMayaStandUp,104,105,37.65546273,16.35797445,68.2378106,18.50380264,
MaggieMayaStandUp,112,116,37.06268611,16.21990183,68.13468233,18.63897263,
MaggieMayaStandUp,119,122,37.02030606,16.26863295,68.10041965,18.79432998,
MaggieMayaStandUp,143,147,38.0369245,16.6699428,69.05698273,18.55506069,
MaggieMayaStandUp,149,153,37.80711236,16.67481656,69.02922088,18.66525111,
MaggieMayaStandUp,156,160,37.67037334,16.90108942,69.01615025,18.8459424,
MaggieMayaStandUp,174,185,38.10183241,17.39882468,70.70946328,17.75471666,
MaggieMayaStandUp,188,190,38.28735598,17.60819947,69.59440581,18.2415478,
MaggieMayaStandUp,203,207,39.69692323,17.98135203,70.18450252,18.2035807,
MaggieMayaStandUp,213,225,38.62527152,17.71281878,70.46306096,18.3727222,
MaggieMayaStandUp,230,232,39.04113377,18.1225485,68.91970756,19.52223301,
MaggieMayaStandUp,235,236,39.60184085,18.07096683,68.79565705,19.61410717,
MaggieMayaStandUp,241,242,41.27311425,18.38789757,68.74877152,20.1213292,
MaggieMayaStandUp,255,256,46.69707213,17.35016198,71.01109915,20.0397604,
MaggieMayaStandUp,263,266,47.44366439,16.33511011,73.71828603,17.52461616,
MaggieMayaStandUp,275,286,46.21445853,13.16128678,78.15358905,13.38481716,
MaggieMayaStandUp,290,291,47.23197939,12.56340229,74.06548375,14.88251974,
MaggieMayaStandUp,296,297,54.57395536,19.26433667,72.44527832,18.98015991,
MarinaFranklin,6,7,29.29773537,13.60179626,61.52617396,18.44989689,
MarinaFranklin,9,11,29.2727915,13.63399041,61.63981893,18.44783872,
MarinaFranklin,14,16,29.0227141,13.55862543,61.39977518,18.47768539,
MarinaFranklin,23,33,29.09362165,13.72626335,61.49810658,18.40620574,
MarinaFranklin,35,36,29.24200133,13.92071869,61.27822824,18.50639835,
MarinaFranklin,42,43,29.47100989,14.01835724,61.52968463,18.42497382,
MarinaFranklin,44,50,29.53841268,14.03864583,61.56235409,18.43394965,
MarinaFranklin,52,53,29.78972788,14.13268734,61.34795255,18.52511126,
MarinaFranklin,62,66,30.20957597,14.24907353,61.6660997,18.41192214,
MarinaFranklin,68,69,30.3281414,14.25216167,61.465235,18.50409004,
MarinaFranklin,71,72,30.35917641,14.31500549,61.37330698,18.57366464,
MarinaFranklin,73,75,30.28974051,14.2450009,61.47396076,18.59184539,
MarinaFranklin,76,78,30.3929158,14.21935022,61.45273453,18.64470464,
MarinaFranklin,79,81,30.4701861,14.12809195,61.40545675,18.71466386,
MarinaFranklin,84,86,30.71721301,14.14296693,61.55052612,18.78800129,
MarinaFranklin,88,90,30.47915744,13.71980047,61.46353324,18.87223709,
MarinaFranklin,94,97,30.47885636,13.74857374,61.43255431,18.94211801,
MarinaFranklin,102,104,30.67320526,13.69396882,61.33649565,18.88412817,
MarinaFranklin,105,107,30.81001788,13.73118167,61.23579986,18.92387899,
MarinaFranklin,113,115,30.91205588,13.77377075,61.43270302,18.82753048,
MarinaFranklin,118,119,31.02476054,13.8767859,61.46752411,18.81885041,
MarinaFranklin,120,122,31.10609288,13.90817568,61.56513889,18.81431856,
MarinaFranklin,125,126,31.0526276,14.05314668,61.56945876,18.87935471,
MarinaFranklin,127,130,31.04478543,14.07345459,61.75936805,18.84437336,
MarinaFranklin,132,133,31.0472932,14.07164161,61.80089397,18.91061939,
MarinaFranklin,136,138,30.90013557,14.21386058,61.62035828,19.00863566,
MarinaFranklin,145,147,30.98972424,14.50461179,62.16524651,18.58009258,
MarinaFranklin,149,151,31.02285459,14.60054668,62.16910787,18.62657218,
MarinaFranklin,153,156,31.09670795,14.73595525,61.97538717,18.7399095,
MarinaFranklin,166,168,31.48594139,15.30216757,61.89698709,19.04869375,
MarinaFranklin,173,174,31.42587271,15.4674588,62.71498889,18.80261481,
MarinaFranklin,177,185,31.42663792,15.51163986,63.17463823,18.64120288,
MarinaFranklin,188,189,31.44140999,15.46630712,62.43188887,19.05922502,
MarinaFranklin,191,192,31.35221702,15.54464661,62.5221099,19.06181018,
MarinaFranklin,193,196,31.31843889,15.54540898,62.72044719,19.0564831,
MarinaFranklin,198,200,31.23769102,15.83091801,62.95066731,19.17008703,
MarinaFranklin,202,205,31.4945297,15.99339396,62.85453675,19.40755778,
MarinaFranklin,207,208,31.83255345,16.00090347,62.5952399,19.58480745,
MarinaFranklin,216,218,32.48192338,16.42369298,63.14488402,19.67966292,
MarinaFranklin,220,221,32.5743373,16.72516345,63.17206473,20.02396049,
MarinaFranklin,226,229,33.05609409,16.67655955,63.85814482,20.17921711,
MarinaFranklin,231,239,33.95288307,17.04278703,63.5201813,20.74465719,
MarinaFranklin,244,246,35.54230762,18.02830408,62.91108251,21.36300054,
MarinaFranklin,265,277,39.33768634,19.600142,69.68473937,17.26329214,
MarinaFranklin,282,283,38.60131195,14.47501122,70.51929913,19.02133326,
MarinaFranklin,286,287,39.86878665,14.56481293,78.24156842,11.53121003,
MarinaFranklin,288,291,39.56333673,13.36321617,80.53131738,10.7380569,
MarinaFranklin,292,296,42.94213743,12.62327977,85.27731667,9.590226949,
MaryMack,8,10,49.53713571,18.33119811,69.36072289,20.3775216,
MaryMack,21,25,50.20081252,18.50137487,69.47464436,20.3981098,
MaryMack,33,41,50.62552766,18.58273079,69.6765185,20.35716611,
MaryMack,49,59,50.97251689,18.74561272,69.75965159,20.5000157,
MaryMack,65,67,50.91836204,18.67970299,69.45258964,20.54893872,
MaryMack,77,78,50.90802652,19.09263609,69.43616709,20.6117617,
MaryMack,81,82,50.72476162,19.02231151,69.5626734,20.5960595,
MaryMack,86,87,50.21984769,18.71413264,69.84684422,20.30616582,
MaryMack,91,93,49.85418351,18.71359722,69.78321921,20.35299035,
MaryMack,97,106,50.01518993,18.70660271,69.87455222,20.41074411,
MaryMack,108,119,50.39338494,18.75846661,70.18939585,20.45931535,
MaryMack,121,129,51.18626311,18.38531394,69.69831692,20.54546508,
MaryMack,132,135,51.50291984,18.41730298,69.35268505,20.68482204,
MaryMack,138,139,51.63041633,17.77875089,69.0511375,20.69385161,
MaryMack,142,144,51.40675298,17.82836958,69.07662097,20.68299399,
MaryMack,147,149,50.93634603,17.61750959,68.94208025,20.82058784,
MaryMack,155,157,50.45379613,17.63986219,68.97836103,20.86942641,
MaryMack,160,164,50.23127506,17.70680581,69.04350169,20.88808207,
MaryMack,167,177,49.70457898,17.59960467,69.06287495,20.96965317,
MaryMack,183,186,49.84766791,17.75817444,68.23397086,21.17449797,
MaryMack,191,194,49.9232791,17.75780773,68.37370566,21.26100645,
MaryMack,197,201,50.28240041,18.00862718,68.41292475,21.41646117,
MaryMack,208,216,50.01921626,18.15245105,68.43929175,21.54002028,
MaryMack,226,233,50.64701908,18.42304868,67.96297779,21.84280462,
MaryMack,240,247,50.56945653,18.42022251,67.4640051,22.3192639,
MaryMack,257,260,50.23728178,19.09134977,67.42454313,22.05879215,
MaryMack,264,266,50.57177439,19.56526751,67.0032037,22.35257843,
MaryMack,269,270,49.25639919,19.22287965,66.37161669,22.63664083,
MaryMack,283,288,49.86505022,20.63651833,68.12355434,21.94844302,
MaryMack,294,298,48.84547502,22.2180435,66.19725573,23.13200681,
MaryMack,300,304,46.46353424,22.13594737,64.82995856,24.07252213,
MaryMack,306,307,47.85690586,23.02028348,65.32593114,25.13254334,
MaryMack,322,325,42.01361306,29.20345172,73.29866734,23.64344603,
MaryMack,330,335,14.61571556,20.09218684,84.20649871,18.56171869,
MatthewBroussard,4,5,18.70463246,11.5452431,78.38677562,12.91513856,
MatthewBroussard,8,9,18.73680285,11.62575472,78.32014184,12.96281591,
MatthewBroussard,11,12,18.79147656,11.64452342,78.30390025,12.99142901,
MatthewBroussard,15,16,18.89727104,11.60562245,78.28597089,13.05037458,
MatthewBroussard,20,22,19.02028466,11.48643604,78.25794047,13.11850433,
MatthewBroussard,27,28,19.02527395,11.41999426,78.3431718,13.14193753,
MatthewBroussard,31,37,18.99422675,11.42252261,78.3157516,13.12247865,
MatthewBroussard,39,40,18.97878571,11.46807253,77.9803777,13.15289052,
MatthewBroussard,48,49,18.87855569,11.51896741,77.994714,13.12464071,
MatthewBroussard,53,54,18.93690106,11.62267311,77.96772701,13.1557862,
MatthewBroussard,57,58,18.93912487,11.50196335,78.03758098,13.09284796,
MatthewBroussard,61,62,19.00052252,11.52339005,78.10166487,13.05548153,
MatthewBroussard,65,68,18.93170101,11.4892489,78.14225746,13.07861445,
MatthewBroussard,87,96,19.13808995,11.55595286,78.58360602,12.76313778,
MatthewBroussard,100,101,18.67527079,11.35249031,78.15944989,12.88638761,
MatthewBroussard,103,112,18.51594475,11.32562925,78.1065399,12.93129634,
MatthewBroussard,116,117,17.89962017,10.00883468,77.64780281,12.94314487,
MatthewBroussard,128,129,18.30548584,10.25616191,77.77672895,12.91957465,
MatthewBroussard,133,134,18.45917603,10.24287169,77.87412445,12.94690588,
MatthewBroussard,137,138,18.57682091,10.3006678,77.79348656,13.01677635,
MatthewBroussard,144,150,18.72621299,10.31635719,77.85556888,12.9799593,
MatthewBroussard,152,158,18.53391894,10.3138837,77.61838529,12.92236432,
MatthewBroussard,160,162,18.49335149,10.2434205,77.47862417,13.06232587,
MatthewBroussard,178,179,18.27385064,10.37894345,77.94864975,12.72989499,
MatthewBroussard,180,182,18.32533027,10.41313749,77.87907847,12.7800689,
MatthewBroussard,188,189,18.5219511,10.72192607,78.04236127,12.69389978,
MatthewBroussard,192,193,18.58051991,10.89712894,77.88355011,12.81676296,
MatthewBroussard,196,198,18.52210665,11.09989289,77.62920823,12.92748447,
MatthewBroussard,199,200,18.46923554,10.98478911,77.41326348,12.99493245,
MatthewBroussard,219,221,19.25585411,11.34847741,78.31859094,12.80241087,
MatthewBroussard,223,224,19.25707782,11.53207614,78.31969488,12.69755877,
MatthewBroussard,227,229,19.5505621,11.70083275,78.66905583,12.56185772,
MatthewBroussard,234,235,20.02441941,12.01425526,79.1458156,12.32655381,
MatthewBroussard,242,244,20.64480571,10.82458406,80.05661276,12.38606519,
MatthewBroussard,247,248,20.58013147,11.02131568,80.10065135,12.53487476,
MatthewBroussard,258,269,22.76330316,11.47642455,82.50237464,11.65827654,
MatthewBroussard,278,287,24.62765341,7.570897522,86.30193729,8.259513948,
MeganGailey,0,4,33.35673122,13.83688138,66.47890319,18.02037544,
MeganGailey,6,8,32.89351357,13.61921134,66.32599172,18.10195019,
MeganGailey,13,16,32.70494675,13.50158872,66.33680988,17.88075553,
MeganGailey,23,26,32.37433557,13.3592568,66.67980329,17.6796997,
MeganGailey,31,36,32.29972343,13.40028187,66.606631,17.7449571,
MeganGailey,48,56,32.60707987,13.58540983,66.94463763,17.67733598,
MeganGailey,60,62,32.74923748,13.5571802,67.44150783,17.74932505,
MeganGailey,64,65,32.92451116,13.57232076,67.61071479,17.80236428,
MeganGailey,67,73,33.08304238,13.5656517,67.77426829,17.79514414,
MeganGailey,75,76,33.00186842,13.50608257,67.58715212,18.01835458,
MeganGailey,78,87,32.82063095,13.30897466,67.55700477,18.05700063,
MeganGailey,89,92,32.28964507,12.95970739,67.07256797,18.17854979,
MeganGailey,99,100,32.3347722,13.01751555,67.0406114,18.19794889,
MeganGailey,102,104,32.24489216,13.07661668,67.0212392,18.27379578,
MeganGailey,112,116,32.32339029,13.31379824,67.32537279,18.34856486,
MeganGailey,118,130,32.44235101,13.44981697,67.03888896,18.51422672,
MeganGailey,135,142,31.69752258,13.06578887,66.59139495,18.93908236,
MeganGailey,154,163,31.95146029,13.34572347,67.29285758,18.82186865,
MeganGailey,166,170,31.54618764,13.04416724,67.27345848,18.89107344,
MeganGailey,172,174,31.54769797,12.86589727,66.77379703,18.9926359,
MeganGailey,184,186,32.09885032,13.14602295,67.2986178,19.05705596,
MeganGailey,193,195,32.56946563,13.47118293,67.65926198,18.86128805,
MeganGailey,199,210,33.06712254,13.56669415,68.86503701,17.92007984,
MeganGailey,214,218,33.04416941,13.31089936,67.07850177,18.50302855,
MeganGailey,225,228,31.92420609,13.2459374,66.53443632,19.27011476,
MeganGailey,236,237,32.2783451,13.8821885,66.65027953,19.95860212,
MeganGailey,248,251,32.90571015,15.23651728,67.76604044,20.41929079,
MeganGailey,255,258,31.541981,15.84039108,66.41625129,21.46339558,
MeganGailey,267,269,31.92973854,17.53933136,70.05821,20.22151401,
MeganGailey,273,275,32.6814182,18.40709819,72.5067733,20.69892721,
MeganGailey,284,292,38.77894487,23.96210434,90.23681424,5.534882508,
NateBargatze1,6,7,12.86555414,8.996707376,82.53347622,10.96544724,
NateBargatze1,18,19,12.98085147,9.127158309,82.7749984,10.74900359,
NateBargatze1,32,37,13.27442872,9.280492253,82.95274452,10.64160464,
NateBargatze1,39,40,13.13987626,8.702069318,83.02860127,10.71118597,
NateBargatze1,43,44,13.22922153,8.768071086,82.98073711,10.75907394,
NateBargatze1,51,56,13.27480668,8.725464068,83.1460023,10.64282822,
NateBargatze1,66,68,13.2516453,8.794049281,83.22149249,10.66955357,
NateBargatze1,70,71,13.20836731,8.804390773,83.25610513,10.68231011,
NateBargatze1,73,74,13.10776461,8.83817693,83.17041354,10.70919014,
NateBargatze1,76,77,13.04060273,8.886686641,83.12987306,10.72300907,
NateBargatze1,79,85,12.9745898,8.915933492,83.09618923,10.73625584,
NateBargatze1,90,91,12.7080787,8.171571785,83.27779033,10.79129847,
NateBargatze1,98,107,12.59966687,7.914341933,83.25496241,10.84117096,
NateBargatze1,126,127,13.04849811,8.284254865,83.87987987,10.16131947,
NateBargatze1,129,133,13.01465245,8.05815233,83.8938166,10.10646054,
NateBargatze1,139,144,12.55121364,7.971553372,83.68772293,10.17548791,
NateBargatze1,153,154,12.57435445,7.703460589,84.1977656,9.895612399,
NateBargatze1,173,175,13.23844393,8.091318706,84.82674548,9.045518597,
NateBargatze1,183,191,13.63594808,8.35428381,85.06585649,8.745871714,
NateBargatze1,195,196,13.26238491,7.318897047,84.81437944,9.062597185,
NateBargatze1,198,205,13.20594208,7.468019385,84.6175189,9.096650726,
NateBargatze1,210,212,12.37041395,7.032830479,84.71739551,9.012849546,
NateBargatze1,216,224,11.9867393,7.082933268,84.63018103,9.085204197,
NateBargatze1,226,227,11.00517534,5.434498698,84.30310166,9.535454276,
NateBargatze1,237,239,11.20205422,5.244641863,85.68782723,8.20676495,
NateBargatze1,241,242,11.16974315,5.280384821,85.62794643,8.299889232,
NateBargatze1,247,248,10.81954837,5.113959303,85.74586182,8.172635346,
NateBargatze1,252,253,10.94367748,5.209666916,86.41829435,7.686366418,
NateBargatze1,258,262,11.90323986,5.398363212,87.01456803,7.659154303,
NateBargatze1,274,279,15.32793593,9.305683771,89.93483126,4.769063015,
NateBargatze2,9,10,16.96851801,8.887215506,69.04658203,19.4564334,
NateBargatze2,15,16,17.07740834,8.915616848,69.25312469,19.33861167,
NateBargatze2,26,28,17.30685728,8.976152936,69.51713919,19.12692595,
NateBargatze2,42,45,17.62848216,9.070529704,70.20020589,18.4938282,
NateBargatze2,52,53,17.92039505,9.105565174,70.52764405,18.25883685,
NateBargatze2,58,60,18.03202625,9.078823944,70.59574393,18.28671905,
NateBargatze2,64,65,18.14457552,9.145285114,70.49337659,18.40732083,
NateBargatze2,74,75,18.30175951,9.231274927,70.65853638,18.38373208,
NateBargatze2,81,82,18.36465931,9.33470729,70.89881762,18.30375947,
NateBargatze2,86,87,18.4205408,9.427664798,70.91785903,18.36581294,
NateBargatze2,118,119,19.570351,9.218491919,72.98146595,16.83818195,
NateBargatze2,125,126,19.7654217,9.379387818,73.15237532,16.76285506,
NateBargatze2,142,144,19.96224014,9.557970553,74.18078108,15.90407956,
NateBargatze2,150,152,20.29460801,9.636245687,74.49219276,15.82505555,
NateBargatze2,154,155,20.38751909,9.620838653,74.63069285,15.95277217,
NateBargatze2,163,164,20.83149968,9.857873596,74.90904629,15.69388709,
NateBargatze2,166,167,20.97255921,9.564785756,75.02996379,15.72574527,
NateBargatze2,171,174,21.25865914,9.485918707,75.50202269,15.52747117,
NateBargatze2,178,179,21.46622205,9.359973428,75.90893513,15.6054565,
NateBargatze2,185,188,21.62744507,9.455407358,76.1388485,15.56705712,
NateBargatze2,190,191,21.65055291,9.242546203,75.92854683,15.7739499,
NateBargatze2,195,198,21.10103311,8.822657059,75.85903011,15.80563643,
NateBargatze2,203,205,20.74953806,8.896213413,75.65530148,16.10279403,
NateBargatze2,213,214,21.44469178,8.525208735,76.28199029,15.83260552,
NateBargatze2,218,219,22.02989176,8.342158117,76.86308123,15.92680641,
NateBargatze2,234,235,23.03493023,7.404251777,80.69231263,13.15119426,
NateBargatze2,237,238,23.39874059,7.541133953,81.17565903,12.71216694,
NateBargatze2,242,243,23.43838363,8.086967067,82.143623,11.95383951,
NateBargatze2,245,250,23.44247407,8.369837049,82.74939459,11.21121335,
NateBargatze2,252,253,23.11863952,7.936982238,83.72352521,11.18757376,
NateBargatze2,255,257,22.50921337,8.203927298,83.93107932,11.05309767,
NateBargatze2,263,264,19.7733318,7.717098401,85.41160385,10.00766117,
NateBargatze2,266,267,20.18012973,7.783883558,86.06658819,10.10193703,
NateBargatze2,270,271,20.61031469,9.642740638,88.81450273,7.846088861,
NateBargatze2,273,281,21.14646143,11.50294295,92.20822847,3.954043802,
RobGleeson,12,13,32.00499997,15.47172162,82.9452125,11.82458816,
RobGleeson,28,29,31.40472324,15.36434364,82.79534093,11.92123473,
RobGleeson,36,37,31.54323168,15.5093191,82.7407758,11.99145522,
RobGleeson,40,42,31.55057099,15.59018886,82.7507653,11.99543417,
RobGleeson,46,47,31.23826136,15.44607807,82.58097401,12.04523057,
RobGleeson,53,54,30.67389956,15.19409921,82.33935272,12.0710312,
RobGleeson,67,70,30.01759446,15.15961746,82.09031523,12.15927683,
RobGleeson,85,87,30.58176929,15.29057537,82.36039467,11.98762596,
RobGleeson,90,91,30.52080398,15.30096481,82.20560849,12.03188931,
RobGleeson,101,102,29.36266307,14.57649836,81.89899511,12.06547938,
RobGleeson,105,106,29.38770904,14.67229033,81.75660282,12.11797481,
RobGleeson,130,131,30.33213724,14.94018339,82.60156164,11.485036,
RobGleeson,141,146,30.40865271,15.10546677,82.48529056,11.508151,
RobGleeson,155,156,30.08086665,15.23871761,82.06244342,11.676041,
RobGleeson,157,158,29.97739141,15.29513818,81.99584218,11.71066557,
RobGleeson,161,165,29.28311324,14.65868452,81.85242113,11.75797626,
RobGleeson,180,181,29.79962085,15.12605547,81.77174979,11.97787526,
RobGleeson,183,186,29.85325876,15.23864651,81.83209179,11.98728613,
RobGleeson,188,189,30.11724323,15.31408645,81.67583868,12.09721758,
RobGleeson,235,237,38.28864308,13.67071784,85.66156288,9.936798288,
RobGleeson,254,255,37.64558199,12.71181064,85.76899414,10.50536561,
RobGleeson,266,268,38.94101329,13.47578348,87.32458333,8.695858703,
RobGleeson,270,272,38.15101735,13.74345059,86.69536246,9.059745297,
RobGleeson,274,275,35.64726484,11.122945,86.21040862,9.531880806,
RobGleeson,288,293,34.04057169,17.96197092,92.03085615,8.332332198,
RussellHoward1,6,7,34.15003451,17.03505429,80.08161105,11.42520576,
RussellHoward1,13,14,34.0972906,17.07856676,79.99168306,11.43335749,
RussellHoward1,22,23,34.02277449,17.09236681,79.91904142,11.43024327,
RussellHoward1,28,29,34.10423089,17.08267641,79.94586321,11.3754468,
RussellHoward1,37,38,34.20607541,17.25629865,79.88216484,11.34744538,
RussellHoward1,41,43,34.0724178,17.32325031,79.8011513,11.3726918,
RussellHoward1,43,45,33.99818659,17.34621601,79.74862985,11.38043512,
RussellHoward1,47,49,33.81009049,17.37479306,79.64018424,11.3954131,
RussellHoward1,73,74,33.67017724,16.78657968,79.78627556,11.12097712,
RussellHoward1,80,81,33.9475039,16.90340857,79.80652318,11.15209597,
RussellHoward1,87,88,34.2278054,17.03735904,79.66372671,11.23268046,
RussellHoward1,106,107,33.55222072,16.97756221,79.24752406,11.41851857,
RussellHoward1,123,124,33.80688357,16.7362297,79.57707251,11.11959512,
RussellHoward1,135,137,33.64371271,17.13900876,79.38071088,11.25626345,
RussellHoward1,147,148,34.45183801,17.02566367,79.50973959,11.26260647,
RussellHoward1,160,163,34.72930624,17.24234817,79.72811875,11.17936323,
RussellHoward1,167,170,34.78346491,17.48775132,79.62182622,11.31123455,
RussellHoward1,176,178,34.01732737,17.58730995,79.3879962,11.39586465,
RussellHoward1,195,197,34.99189655,17.30942404,79.76019601,11.32457388,
RussellHoward1,200,201,35.22480521,17.46983802,79.75916724,11.39867018,
RussellHoward1,203,204,35.32482995,17.46256817,79.84684963,11.36241436,
RussellHoward1,213,214,36.53205356,17.54262541,79.89775651,11.39596659,
RussellHoward1,219,220,36.34978146,17.93124787,79.77113491,11.55076229,
RussellHoward1,231,232,36.3110094,18.88288773,79.76344991,11.50976762,
RussellHoward1,260,262,39.06104296,19.11620238,80.86265853,10.3969514,
RussellHoward1,270,271,35.4465378,16.83741532,80.41608099,10.97004538,
RussellHoward1,306,308,34.52537754,11.69222607,85.0521986,4.979015752,
RussellHoward2,5,7,29.71983526,15.77256359,72.66027552,17.31088252,
RussellHoward2,10,11,29.66673123,15.44737684,72.72821856,17.14365296,
RussellHoward2,15,16,29.82589348,15.44458438,72.83880255,17.11212277,
RussellHoward2,19,25,29.97959455,15.51603526,72.79071997,17.17441901,
RussellHoward2,29,31,29.66372704,15.17404715,72.3255233,17.34361666,
RussellHoward2,38,39,29.50971245,15.46226975,72.26012027,17.4174874,
RussellHoward2,53,55,30.42962934,15.54729127,72.68351188,17.31598488,
RussellHoward2,57,60,30.56472616,15.51360712,72.59860205,17.35958766,
RussellHoward2,63,64,30.64630811,15.50161951,72.44569653,17.5119761,
RussellHoward2,68,70,30.83029056,15.59420389,72.50970998,17.49438795,
RussellHoward2,72,73,30.36251196,15.12369269,72.47276631,17.50368706,
RussellHoward2,79,80,29.74975529,15.13807217,72.36639423,17.60888684,
RussellHoward2,86,86,29.71379564,15.23376329,72.71785527,17.39028659,
RussellHoward2,91,99,29.70973999,15.17605089,72.7198133,17.46466504,
RussellHoward2,102,103,29.5835198,15.5473367,71.96157177,17.79764479,
RussellHoward2,105,106,29.5472475,15.67404763,71.87002472,17.91398257,
RussellHoward2,120,121,30.15633888,15.76157861,72.88193379,17.45124871,
RussellHoward2,125,126,29.44789665,14.97955555,72.80600248,17.47482481,
RussellHoward2,130,136,29.33499415,14.94004484,72.75306674,17.44489326,
RussellHoward2,148,150,29.55926981,14.99707955,73.23386352,16.87300546,
RussellHoward2,155,156,29.1820761,15.07131355,72.79690834,17.16549928,
RussellHoward2,173,175,28.34672703,14.82393937,73.74724437,16.88309487,
RussellHoward2,182,183,28.1549199,14.72285783,73.97732029,16.7012595,
RussellHoward2,188,190,27.76278877,15.2950066,74.04785983,16.60036487,
RussellHoward2,194,196,27.23993965,15.38942929,73.81983215,16.87768767,
RussellHoward2,203,204,25.34204176,14.94808205,75.18179568,15.61346259,
RussellHoward2,207,208,24.76417566,15.26705828,76.24940781,14.67435943,
RussellHoward2,211,212,24.93437288,16.16379891,75.61479516,15.08259026,
RussellHoward2,216,223,25.22851543,16.8465722,74.83069105,15.59411883,
RussellHoward2,239,242,40.1419582,17.67059118,80.40019176,12.3582586,
RussellHoward2,246,248,36.25042179,1.789651324,67.13076905,18.15814165,
RyanHamilton,2,4,18.61284356,13.33981022,81.50172098,10.22031804,
RyanHamilton,8,9,18.56952908,13.32730644,81.53588207,10.19929254,
RyanHamilton,13,14,18.60847771,13.37513451,81.62808316,10.07833966,
RyanHamilton,19,20,18.74286985,13.44566528,81.70511812,10.0199569,
RyanHamilton,22,23,18.79201242,13.47336108,81.77705285,9.98489675,
RyanHamilton,25,26,18.84581575,13.46408467,81.88748096,9.913141484,
RyanHamilton,31,32,18.94557841,13.58455477,81.92032885,9.86819216,
RyanHamilton,36,37,19.04918826,13.63696285,81.93687305,9.878272116,
RyanHamilton,45,47,19.36369073,13.7318445,81.84205786,9.933800126,
RyanHamilton,51,52,19.66778741,13.80337371,81.76203337,9.95836691,
RyanHamilton,54,55,19.64185191,13.70539484,81.767658,9.994751896,
RyanHamilton,61,66,19.65982364,13.8001565,81.79136122,9.942999869,
RyanHamilton,69,70,19.74413791,13.90752589,81.68395711,10.02742985,
RyanHamilton,72,74,19.81351008,13.92846172,81.64002897,10.05888904,
RyanHamilton,79,81,19.70052959,13.47302856,81.74971345,10.03660947,
RyanHamilton,85,94,19.67123701,13.34387667,81.64176842,10.099837,
RyanHamilton,100,104,19.53651917,12.90318784,81.59744655,10.16493489,
RyanHamilton,106,107,19.41521437,12.76977093,81.4189554,10.20172024,
RyanHamilton,109,110,19.45430678,12.80373786,81.46902446,10.15988628,
RyanHamilton,117,118,19.75013939,12.89635416,81.48957756,10.1437958,
RyanHamilton,123,125,19.94535676,13.07779914,81.74467629,9.939315761,
RyanHamilton,128,130,20.12134919,13.15264138,81.79925616,9.934795423,
RyanHamilton,143,145,19.12585934,13.5961757,81.82849436,9.762722734,
RyanHamilton,151,152,18.75703983,13.94359546,81.61485833,9.765023019,
RyanHamilton,155,156,18.14786906,13.95905969,81.27140535,9.721029042,
RyanHamilton,160,161,16.72179352,12.63681011,80.91345088,9.723573967,
RyanHamilton,166,171,16.26704184,13.15769067,80.61326693,9.802423647,
RyanHamilton,175,183,16.04358655,12.95914837,80.63519244,9.897912638,
RyanHamilton,188,190,15.28604659,11.17377288,80.78481917,10.10935219,
RyanHamilton,197,198,15.29485389,11.07282904,81.17412798,10.0095207,
RyanHamilton,206,208,15.66613305,11.68464103,81.65470356,9.765193024,
RyanHamilton,210,212,15.76784178,11.76840841,81.71231749,9.910518476,
RyanHamilton,234,242,15.3661163,14.73390063,84.3222343,9.218361895,
RyanHamilton,243,245,13.86026755,11.8203973,84.27169817,9.832185431,
RyanHamilton,250,251,14.16773497,14.97394445,86.08067498,9.393153806,
RyanHamilton,254,256,14.55328229,17.29353486,87.14575877,9.927023764,
RyanHamilton,257,266,15.17042398,19.34242597,88.67116361,10.19962708,
SaraPascoe1,6,7,36.28568289,13.59636057,73.13409657,15.64194425,
SaraPascoe1,9,10,36.38778066,13.63617925,73.11072771,15.64943187,
SaraPascoe1,11,12,36.39085513,13.66002293,73.08715128,15.65261704,
SaraPascoe1,24,25,36.20433061,13.65531164,73.25742148,15.68016694,
SaraPascoe1,28,30,36.30195555,13.68845957,73.29331951,15.71458794,
SaraPascoe1,49,51,36.09958459,13.8482693,73.60945961,15.74333693,
SaraPascoe1,63,66,36.34250198,14.10171916,73.62690658,15.89841688,
SaraPascoe1,71,72,36.15904495,14.071246,73.40426654,16.03288133,
SaraPascoe1,88,89,36.25935461,14.10040241,73.51110527,16.20330341,
SaraPascoe1,120,121,37.01820265,14.46417062,74.40880302,16.22437374,
SaraPascoe1,122,123,37.07858079,14.51493895,74.30387073,16.27643453,
SaraPascoe1,133,134,37.43288478,14.53819278,74.89781362,15.83635607,
SaraPascoe1,143,144,37.60182295,14.58996347,75.21081205,15.66821193,
SaraPascoe1,150,151,37.89593306,14.72741498,75.27914025,15.73483789,
SaraPascoe1,157,160,38.00158723,14.69998965,75.67327937,15.34612856,
SaraPascoe1,167,168,37.81411724,14.87286375,75.17041517,15.57040528,
SaraPascoe1,177,179,38.1074172,14.88026224,76.15192543,14.08329839,
SaraPascoe1,181,182,37.54994342,14.44364447,76.0850187,14.11496203,
SaraPascoe1,188,189,37.31881084,14.39131933,76.30304004,14.17306676,
SaraPascoe1,210,214,38.57167884,15.42502004,77.74174083,13.04257135,
SaraPascoe1,221,222,37.84101124,15.13832006,77.44710093,13.52495967,
SaraPascoe1,224,225,37.89235476,15.33066575,77.24287434,13.6884897,
SaraPascoe1,233,236,38.17617654,15.89368994,77.89859835,13.4393679,
SaraPascoe1,237,239,38.4230843,16.05522967,77.80734077,13.66722273,
SaraPascoe1,240,241,38.43327205,16.34699416,77.46442815,13.80238499,
SaraPascoe1,244,245,38.06842484,16.6193488,77.06002621,13.99312181,
SaraPascoe1,249,250,36.1018416,15.74465388,76.22218531,14.35728357,
SaraPascoe1,259,260,30.24649945,10.09971199,75.22505141,14.94600255,
SaraPascoe1,271,272,25.93551728,8.033781372,77.27142627,12.56345793,
SaraPascoe1,275,276,24.13601096,6.733276952,77.65265084,12.28204429,
SaraPascoe1,278,279,23.44483452,7.112497421,77.8119558,12.57342404,
SaraPascoe1,288,292,42.01953678,27.13153362,86.73267083,4.490565833,
SaraPascoe2,7,11,37.7199705,14.62917326,66.88160802,17.22713116,
SaraPascoe2,26,27,37.97458188,14.85440738,67.35593038,16.9069224,
SaraPascoe2,32,33,38.04520655,14.91315935,67.49921715,16.95513353,
SaraPascoe2,38,39,38.0700755,14.97886052,67.57050984,17.03658152,
SaraPascoe2,42,43,37.83422678,14.84754492,67.38455252,17.04982514,
SaraPascoe2,54,55,37.71449849,14.86454924,67.38990768,17.15753672,
SaraPascoe2,57,59,37.83972751,14.88029654,67.38867378,17.19278225,
SaraPascoe2,62,64,38.03864777,14.95009211,67.43657103,17.25348873,
SaraPascoe2,76,77,37.75463324,14.9463322,67.76683961,17.21074038,
SaraPascoe2,82,83,38.11013355,14.99794284,67.76594016,17.31830125,
SaraPascoe2,86,88,38.33784918,15.01207106,67.91959654,17.26283217,
SaraPascoe2,94,86,38.36414463,15.01084722,68.19189182,16.96001316,
SaraPascoe2,101,103,37.72331774,14.48483561,68.27911512,16.89993188,
SaraPascoe2,105,107,37.4000804,14.09344404,68.14931728,16.92063601,
SaraPascoe2,110,113,36.69911778,13.37218286,67.9801302,16.98602213,
SaraPascoe2,115,117,36.37151584,12.8756505,67.60164929,16.97170964,
SaraPascoe2,131,133,36.49750113,13.13921363,67.87264443,17.26252563,
SaraPascoe2,138,141,36.76954286,13.32174941,67.78428968,17.45817917,
SaraPascoe2,149,152,36.82666549,13.467006,67.24016201,17.61822716,
SaraPascoe2,166,168,35.87628053,13.03392857,66.80985673,17.82652321,
SaraPascoe2,183,186,36.65658007,13.35654738,67.09138372,18.09139091,
SaraPascoe2,197,199,36.78493051,13.56308319,66.59329914,18.45485081,
SaraPascoe2,225,226,37.38193295,14.32382667,67.20931816,18.65482852,
SaraPascoe2,231,233,37.77544475,14.3178031,67.59454154,18.80395351,
SaraPascoe2,241,243,38.10816135,14.81956984,68.06291578,19.10000149,
SaraPascoe2,257,258,39.54590161,15.71556472,68.80802612,20.19593171,
SaraPascoe2,266,267,40.86766268,16.72393733,68.0074723,21.42706986,
SaraPascoe2,278,279,40.35252381,18.35972854,66.23309944,22.70833846,
SaraPascoe2,293,295,45.34470089,19.06517671,68.72860182,23.02294188,
SaraPascoe2,300,302,42.15684651,19.44512346,73.68206961,18.45112444,
SaraPascoe2,307,308,24.18535002,7.831151692,81.76510669,11.77656973,
TomClark,5,6,23.75889523,12.33173152,70.8681546,18.78373085,
TomClark,23,24,23.90184044,12.48367826,70.91361935,18.73921046,
TomClark,33,32,23.96870743,12.52206492,70.92149062,18.74180722,
TomClark,36,37,23.98215553,12.57158658,70.84339443,18.78062345,
TomClark,40,41,24.00020986,12.61895748,70.69922716,18.84989207,
TomClark,56,57,23.79227418,12.5225663,70.92594552,18.88602299,
TomClark,63,64,23.66381038,12.45053521,71.04291458,18.81816011,
TomClark,67,68,23.60253071,12.40386807,70.97900809,18.84782469,
TomClark,83,93,23.69393552,12.62363997,71.17445389,18.67539717,
TomClark,104,108,23.54501263,12.51148838,71.5418213,18.57666865,
TomClark,116,118,23.46938885,12.61842821,71.22409299,18.849229,
TomClark,123,126,23.09079208,12.43967942,71.00842483,19.03794635,
TomClark,137,144,23.43101728,12.55311515,71.60788258,18.69755324,
TomClark,148,150,23.82855,12.84062085,71.56813887,18.77960991,
TomClark,152,155,24.10714299,12.91905872,71.82465742,18.66669693,
TomClark,163,175,24.31712499,13.37904196,72.39116821,18.00957325,
TomClark,180,188,23.20813771,11.43451253,71.39591784,18.66383869,
TomClark,194,196,22.49403728,10.86475427,71.64862451,18.16379649,
TomClark,199,201,22.66953809,11.02263159,71.70204264,18.31089444,
TomClark,203,217,22.44457618,10.71479263,71.80836602,18.53856687,
TomClark,240,249,24.61705551,12.88717891,76.76086504,15.09593212,
TomClark,251,252,25.174978,13.78014235,75.18234521,16.5085709,
TomClark,263,264,35.72413394,17.04147381,81.71634812,11.56406562,
TomPapa,6,10,20.14065363,12.72599551,71.16995397,18.36888324,
TomPapa,15,18,19.78177109,12.18208227,70.95297495,18.51981563,
TomPapa,26,33,19.77537926,11.72720518,71.2557651,18.2471297,
TomPapa,47,48,20.18333809,11.71582275,71.54211332,18.16598493,
TomPapa,50,52,20.34068371,11.75423453,71.53891809,18.15906995,
TomPapa,53,54,20.37178744,11.78886324,71.46670217,18.20650635,
TomPapa,61,62,20.38691935,11.67683901,71.70717759,18.04349319,
TomPapa,64,72,20.46574596,11.66071962,71.69706388,18.10803728,
TomPapa,75,76,20.30780813,11.71584697,71.30782002,18.34511758,
TomPapa,78,79,20.05894492,11.52269783,71.25788627,18.39143079,
TomPapa,81,87,19.97260247,11.52600341,71.17752224,18.4423307,
TomPapa,96,97,19.85332012,11.24826474,71.64247993,18.35172789,
TomPapa,100,101,19.93136407,11.28876329,71.7608834,18.29621106,
TomPapa,109,110,19.76862334,11.19602658,72.338943,17.83571705,
TomPapa,111,113,19.83889117,11.20767487,72.49693659,17.72533328,
TomPapa,116,119,19.86653155,11.2657263,72.41802634,17.82262973,
TomPapa,122,123,19.64372527,11.08801575,72.20339719,17.94397684,
TomPapa,125,128,19.70337755,11.1072433,72.19578447,18.01680263,
TomPapa,137,138,19.5751024,11.28507925,72.71978308,17.71220623,
TomPapa,141,142,19.43857609,11.20654503,72.75663464,17.75584106,
TomPapa,145,147,19.34074271,11.26041606,72.8280597,17.72525566,
TomPapa,150,151,19.47645232,11.34689819,72.62926306,17.91961519,
TomPapa,156,157,19.51085447,11.53543546,72.45279441,18.07033838,
TomPapa,169,171,19.57359075,11.76410513,73.45996933,17.31327098,
TomPapa,176,177,19.59308781,11.68565834,73.53315818,17.32848335,
TomPapa,193,200,19.97435345,12.04626676,75.40224589,14.9217958,
TomPapa,203,207,19.36269673,12.00849725,74.74184438,15.36108474,
TomPapa,210,212,19.23511388,12.10441797,74.5481728,15.68467912,
TomPapa,214,215,19.36827972,12.056067,74.92285554,15.21954423,
TomPapa,219,221,20.0298586,11.71307636,75.53853928,14.89082883,
TomPapa,226,227,19.82582062,11.84673931,75.64253057,14.96869396,
TomPapa,233,237,20.0564281,12.18401626,76.31581674,14.44031371,
TomPapa,244,245,19.20925711,12.50908395,75.9810185,14.59706884,
TomPapa,246,248,19.05659639,12.7609656,75.76179628,14.73733862,
TomPapa,252,260,19.82287239,13.11337983,75.08771867,15.20241591,
TomPapa,270,271,21.06145198,14.11153435,76.52909896,14.89608938,
TomPapa,276,281,21.40934954,14.99846038,77.197191,14.32057652,
TomPapa,287,291,25.9420271,18.24018287,81.21279192,10.47690139,
TomPapa,293,297,20.67691711,8.119944166,79.56135803,11.83428188,