video,laughter_start,laughter_end,laughter_value,start_segment_s,end_segment_s,start_segment_frame,end_segment_frame
AndyWoodhull,5,8,1,0,5,1,150
AndyWoodhull,10,12,1,8,10,241,300
AndyWoodhull,20,21,1,12,20,361,600
AndyWoodhull,47,48,1,21,47,631,1410
AndyWoodhull,57,62,1,48,57,1441,1710
AndyWoodhull,65,66,1,62,65,1861,1950
AndyWoodhull,68,72,1,66,68,1981,2040
AndyWoodhull,82,83,1,72,82,2161,2460
AndyWoodhull,95,96,1,83,95,2491,2850
AndyWoodhull,103,104,1,96,103,2881,3090
AndyWoodhull,110,111,1,104,110,3121,3300
AndyWoodhull,115,116,1,111,115,3331,3450
AndyWoodhull,127,131,1,116,127,3481,3810
AndyWoodhull,144,145,1,131,144,3931,4320
AndyWoodhull,154,155,1,145,154,4351,4620
AndyWoodhull,157,158,1,155,157,4651,4710
AndyWoodhull,166,168,1,158,166,4741,4980
AndyWoodhull,173,174,1,168,173,5041,5190
AndyWoodhull,177,181,1,174,177,5221,5310
AndyWoodhull,186,187,1,181,186,5431,5580
AndyWoodhull,199,200,1,187,199,5611,5970
AndyWoodhull,203,204,1,200,203,6001,6090
AndyWoodhull,207,208,1,204,207,6121,6210
AndyWoodhull,212,213,1,208,212,6241,6360
AndyWoodhull,225,230,1,213,225,6391,6750
AndyWoodhull,235,236,1,230,235,6901,7050
AndyWoodhull,241,242,1,236,241,7081,7230
AndyWoodhull,246,247,1,242,246,7261,7380
AndyWoodhull,274,285,2,247,274,7411,8220
AndyWoodhull,288,289,1,285,288,8551,8640
AndyWoodhull,293,294,1,289,293,8671,8790
AndyWoodhull,301,312,2,294,301,8821,9030
AndyWoodhull,319,321,2,312,319,9361,9570
AndyWoodhull2,2,5,1,0,2,1,60
AndyWoodhull2,26,27,1,5,26,151,780
AndyWoodhull2,31,32,1,27,31,811,930
AndyWoodhull2,38,43,1,32,38,961,1140
AndyWoodhull2,49,50,1,43,49,1291,1470
AndyWoodhull2,54,55,1,50,54,1501,1620
AndyWoodhull2,62,64,1,55,62,1651,1860
AndyWoodhull2,83,84,1,64,83,1921,2490
AndyWoodhull2,88,89,1,84,88,2521,2640
AndyWoodhull2,100,102,1,89,100,2671,3000
AndyWoodhull2,120,121,1,102,120,3061,3600
AndyWoodhull2,128,130,1,121,128,3631,3840
AndyWoodhull2,132,133,1,130,132,3901,3960
AndyWoodhull2,136,137,1,133,136,3991,4080
AndyWoodhull2,142,143,1,137,142,4111,4260
AndyWoodhull2,152,153,1,143,152,4291,4560
AndyWoodhull2,159,160,1,153,159,4591,4770
AndyWoodhull2,163,170,1,160,163,4801,4890
AndyWoodhull2,186,187,1,170,186,5101,5580
AndyWoodhull2,200,201,1,187,200,5611,6000
AndyWoodhull2,204,205,1,201,204,6031,6120
AndyWoodhull2,210,211,1,205,210,6151,6300
AndyWoodhull2,220,221,2,211,220,6331,6600
AndyWoodhull2,230,238,1,221,230,6631,6900
AndyWoodhull2,253,255,2,238,253,7141,7590
AndyWoodhull2,258,259,2,255,258,7651,7740
AndyWoodhull2,264,266,2,259,264,7771,7920
AndyWoodhull2,281,282,1,266,281,7981,8430
AndyWoodhull2,292,293,1,282,292,8461,8760
AparnaNancherla1,14,16,2,0,14,1,420
AparnaNancherla1,19,21,2,16,19,481,570
AparnaNancherla1,22,23,2,21,22,631,660
AparnaNancherla1,36,37,2,23,36,691,1080
AparnaNancherla1,49,51,2,37,49,1111,1470
AparnaNancherla1,55,56,2,51,55,1531,1650
AparnaNancherla1,66,67,2,56,66,1681,1980
AparnaNancherla1,81,83,2,67,81,2011,2430
AparnaNancherla1,85,86,2,83,85,2491,2550
AparnaNancherla1,96,97,2,86,96,2581,2880
AparnaNancherla1,111,113,2,97,111,2911,3330
AparnaNancherla1,110,120,2,113,110,3391,3300
AparnaNancherla1,125,126,2,120,125,3601,3750
AparnaNancherla1,131,132,2,126,131,3781,3930
AparnaNancherla1,145,147,2,132,145,3961,4350
AparnaNancherla1,151,152,2,147,151,4411,4530
AparnaNancherla1,163,164,2,152,163,4561,4890
AparnaNancherla1,178,179,2,164,178,4921,5340
AparnaNancherla1,186,187,2,179,186,5371,5580
AparnaNancherla1,189,191,2,187,189,5611,5670
AparnaNancherla1,198,199,2,191,198,5731,5940
AparnaNancherla1,211,212,2,199,211,5971,6330
AparnaNancherla1,218,219,2,212,218,6361,6540
AparnaNancherla1,226,227,2,219,226,6571,6780
AparnaNancherla1,235,236,2,227,235,6811,7050
AparnaNancherla1,239,240,2,236,239,7081,7170
AparnaNancherla1,244,245,2,240,244,7201,7320
AparnaNancherla1,257,258,2,245,257,7351,7710
AparnaNancherla1,262,263,2,258,262,7741,7860
AparnaNancherla1,266,267,2,263,266,7891,7980
AparnaNancherla1,271,277,2,267,271,8011,8130
AparnaNancherla1,289,291,2,277,289,8311,8670
BethStelling1,11,12,0,0,11,1,330
BethStelling1,21,22,0,12,21,361,630
BethStelling1,38,41,0,22,38,661,1140
BethStelling1,55,56,0,41,55,1231,1650
BethStelling1,78,81,0,56,78,1681,2340
BethStelling1,95,97,0,81,95,2431,2850
BethStelling1,110,111,0,97,110,2911,3300
BethStelling1,119,120,0,111,119,3331,3570
BethStelling1,122,124,0,120,122,3601,3660
BethStelling1,127,129,0,124,127,3721,3810
BethStelling1,139,145,0,129,139,3871,4170
BethStelling1,153,156,0,145,153,4351,4590
BethStelling1,162,163,0,156,162,4681,4860
BethStelling1,165,166,0,163,165,4891,4950
BethStelling1,171,172,0,166,171,4981,5130
BethStelling1,179,180,0,172,179,5161,5370
BethStelling1,188,189,0,180,188,5401,5640
BethStelling1,197,199,0,189,197,5671,5910
BethStelling1,230,232,0,199,230,5971,6900
BethStelling1,238,240,1,232,238,6961,7140
BethStelling1,258,267,1,240,258,7201,7740
CarmenLynch1,6,7,1,0,6,1,180
CarmenLynch1,9,11,1,7,9,211,270
CarmenLynch1,14,25,1,11,14,331,420
CarmenLynch1,28,29,1,25,28,751,840
CarmenLynch1,31,34,1,29,31,871,930
CarmenLynch1,36,47,1,34,36,1021,1080
CarmenLynch1,50,52,1,47,50,1411,1500
CarmenLynch1,54,56,1,52,54,1561,1620
CarmenLynch1,59,66,1,56,59,1681,1770
CarmenLynch1,69,71,1,66,69,1981,2070
CarmenLynch1,72,73,1,71,72,2131,2160
CarmenLynch1,75,78,1,73,75,2191,2250
CarmenLynch1,82,83,1,78,82,2341,2460
CarmenLynch1,90,92,1,83,90,2491,2700
CarmenLynch1,99,104,1,92,99,2761,2970
CarmenLynch1,108,118,1,104,108,3121,3240
CarmenLynch1,128,130,1,118,128,3541,3840
CarmenLynch1,131,133,1,130,131,3901,3930
CarmenLynch1,136,140,1,133,136,3991,4080
CarmenLynch1,149,161,1,140,149,4201,4470
CarmenLynch1,165,170,1,161,165,4831,4950
CarmenLynch1,173,176,1,170,173,5101,5190
CarmenLynch1,184,185,1,176,184,5281,5520
CarmenLynch1,188,198,1,185,188,5551,5640
CarmenLynch1,204,210,1,198,204,5941,6120
CarmenLynch1,214,215,1,210,214,6301,6420
CarmenLynch1,217,218,1,215,217,6451,6510
CarmenLynch1,221,225,1,218,221,6541,6630
CarmenLynch1,236,245,1,225,236,6751,7080
CarmenLynch1,249,251,1,245,249,7351,7470
CarmenLynch1,253,258,1,251,253,7531,7590
CarmenLynch1,261,264,1,258,261,7741,7830
CarmenLynch1,268,275,1,264,268,7921,8040
CarmenLynch1,285,289,2,275,285,8251,8550
CarmenLynch1,291,296,2,289,291,8671,8730
CarmenLynch1,299,309,2,296,299,8881,8970
CarmenLynch1,311,311,1,309,311,9271,9330
CarmenLynch1,313,314,1,311,313,9331,9390
CarmenLynch1,317,319,2,314,317,9421,9510
CristelaAlonza1,0,11,2,0,0,1,0
CristelaAlonza1,18,21,2,11,18,331,540
CristelaAlonza1,24,25,2,21,24,631,720
CristelaAlonza1,41,42,2,25,41,751,1230
CristelaAlonza1,48,49,2,42,48,1261,1440
CristelaAlonza1,53,54,2,49,53,1471,1590
CristelaAlonza1,58,59,2,54,58,1621,1740
CristelaAlonza1,66,67,2,59,66,1771,1980
CristelaAlonza1,83,92,2,67,83,2011,2490
CristelaAlonza1,94,98,2,92,94,2761,2820
CristelaAlonza1,104,105,2,98,104,2941,3120
CristelaAlonza1,108,109,2,105,108,3151,3240
CristelaAlonza1,131,132,2,109,131,3271,3930
CristelaAlonza1,136,137,2,132,136,3961,4080
CristelaAlonza1,139,140,2,137,139,4111,4170
CristelaAlonza1,142,143,2,140,142,4201,4260
CristelaAlonza1,157,158,2,143,157,4291,4710
CristelaAlonza1,173,175,2,158,173,4741,5190
CristelaAlonza1,180,181,2,175,180,5251,5400
CristelaAlonza1,187,189,2,181,187,5431,5610
CristelaAlonza1,194,196,2,189,194,5671,5820
CristelaAlonza1,200,201,2,196,200,5881,6000
CristelaAlonza1,206,214,2,201,206,6031,6180
CristelaAlonza1,224,226,2,214,224,6421,6720
CristelaAlonza1,231,233,2,226,231,6781,6930
CristelaAlonza1,235,236,2,233,235,6991,7050
CristelaAlonza2,13,14,2,0,13,1,390
CristelaAlonza2,16,18,2,14,16,421,480
CristelaAlonza2,67,69,2,18,67,541,2010
CristelaAlonza2,87,88,2,69,87,2071,2610
CristelaAlonza2,90,91,2,88,90,2641,2700
CristelaAlonza2,93,100,2,91,93,2731,2790
CristelaAlonza2,109,111,2,100,109,3001,3270
CristelaAlonza2,133,136,2,111,133,3331,3990
CristelaAlonza2,152,153,2,136,152,4081,4560
CristelaAlonza2,158,160,2,153,158,4591,4740
CristelaAlonza2,166,167,2,160,166,4801,4980
CristelaAlonza2,173,174,2,167,173,5011,5190
CristelaAlonza2,175,176,2,174,175,5221,5250
CristelaAlonza2,189,190,2,176,189,5281,5670
CristelaAlonza2,193,197,2,190,193,5701,5790
CristelaAlonza2,204,208,2,197,204,5911,6120
CristelaAlonza2,217,220,2,208,217,6241,6510
CristelaAlonza2,228,229,2,220,228,6601,6840
CristelaAlonza2,234,236,2,229,234,6871,7020
CristelaAlonza2,237,238,2,236,237,7081,7110
CristelaAlonza2,249,257,2,238,249,7141,7470
CristelaAlonza2,285,285,2,257,285,7711,8550
CristelaAlonza2,288,289,2,285,288,8551,8640
CristelaAlonza2,293,297,2,289,293,8671,8790
DamonWayans1,22,24,1,0,22,1,660
DamonWayans1,35,36,1,24,35,721,1050
DamonWayans1,89,90,1,36,89,1081,2670
DamonWayans1,96,97,1,90,96,2701,2880
DamonWayans1,149,150,1,97,149,2911,4470
DamonWayans1,219,221,1,150,219,4501,6570
DamonWayans1,239,240,1,221,239,6631,7170
DamonWayans1,267,269,1,240,267,7201,8010
DamonWayans1,299,300,0,269,299,8071,8970
DanSoder,9,11,1,0,9,1,270
DanSoder,17,18,1,11,17,331,510
DanSoder,20,22,1,18,20,541,600
DanSoder,29,31,1,22,29,661,870
DanSoder,38,39,0,31,38,931,1140
DanSoder,43,46,0,39,43,1171,1290
DanSoder,51,52,0,46,51,1381,1530
DanSoder,56,58,0,52,56,1561,1680
DanSoder,62,63,0,58,62,1741,1860
DanSoder,68,76,0,63,68,1891,2040
DanSoder,94,95,0,76,94,2281,2820
DanSoder,99,101,1,95,99,2851,2970
DanSoder,104,106,1,101,104,3031,3120
DanSoder,111,113,1,106,111,3181,3330
DanSoder,122,123,1,113,122,3391,3660
DanSoder,128,132,1,123,128,3691,3840
DanSoder,138,140,1,132,138,3961,4140
DanSoder,144,145,1,140,144,4201,4320
DanSoder,146,148,1,145,146,4351,4380
DanSoder,154,161,1,148,154,4441,4620
DanSoder,179,180,1,158,179,4741,5370
DanSoder,167,158,1,161,167,4831,5010
DanSoder,181,182,1,180,181,5401,5430
DanSoder,192,195,1,182,192,5461,5760
DanSoder,209,218,1,195,209,5851,6270
DanSoder,219,222,1,218,219,6541,6570
DanSoder,236,237,2,222,236,6661,7080
DanSoder,243,246,2,237,243,7111,7290
EmilyGalati,9,10,2,0,9,1,270
EmilyGalati,14,17,2,10,14,301,420
EmilyGalati,25,27,2,17,25,511,750
EmilyGalati,31,32,2,27,31,811,930
EmilyGalati,48,54,2,32,48,961,1440
EmilyGalati,60,61,2,54,60,1621,1800
EmilyGalati,69,71,2,61,69,1831,2070
EmilyGalati,89,90,2,71,89,2131,2670
EmilyGalati,94,97,2,90,94,2701,2820
EmilyGalati,104,105,2,97,104,2911,3120
EmilyGalati,109,111,2,105,109,3151,3270
EmilyGalati,116,117,2,111,116,3331,3480
EmilyGalati,126,127,2,117,126,3511,3780
EmilyGalati,130,131,2,127,130,3811,3900
EmilyGalati,136,142,2,131,136,3931,4080
EmilyGalati,146,147,2,142,146,4261,4380
EmilyGalati,151,154,2,147,151,4411,4530
EmilyGalati,157,158,2,154,157,4621,4710
EmilyGalati,171,179,2,158,171,4741,5130
EmilyGalati,192,193,2,179,192,5371,5760
EmilyGalati,195,196,2,193,195,5791,5850
EmilyGalati,198,200,2,196,198,5881,5940
EmilyGalati,203,205,2,200,203,6001,6090
EmilyGalati,210,211,2,205,210,6151,6300
EmilyGalati,220,221,2,211,220,6331,6600
EmilyGalati,225,226,2,221,225,6631,6750
EmilyGalati,229,230,2,226,229,6781,6870
EmilyGalati,236,237,2,230,236,6901,7080
EmilyGalati,246,248,2,237,246,7111,7380
EmilyGalati,263,264,2,248,263,7441,7890
EmilyGalati,274,275,2,264,274,7921,8220
EmilyGalati,279,281,2,275,279,8251,8370
EmilyGalati,292,296,2,281,292,8431,8760
EmilyHeller1,16,17,1,0,16,1,480
EmilyHeller1,30,31,1,17,30,511,900
EmilyHeller1,35,36,1,31,35,931,1050
EmilyHeller1,39,40,1,36,39,1081,1170
EmilyHeller1,50,51,1,40,50,1201,1500
EmilyHeller1,57,58,1,51,57,1531,1710
EmilyHeller1,66,67,1,58,66,1741,1980
EmilyHeller1,75,76,1,67,75,2011,2250
EmilyHeller1,89,90,1,76,89,2281,2670
EmilyHeller1,93,94,1,90,93,2701,2790
EmilyHeller1,108,109,1,94,108,2821,3240
EmilyHeller1,112,114,1,109,112,3271,3360
EmilyHeller1,122,123,1,114,122,3421,3660
EmilyHeller1,125,126,1,123,125,3691,3750
EmilyHeller1,130,131,1,126,130,3781,3900
EmilyHeller1,148,149,1,131,148,3931,4440
EmilyHeller1,164,165,1,149,164,4471,4920
EmilyHeller1,168,170,1,165,168,4951,5040
EmilyHeller1,176,177,1,170,176,5101,5280
EmilyHeller1,182,183,1,177,182,5311,5460
EmilyHeller1,184,185,1,183,184,5491,5520
ErinFoley,20,21,2,0,20,1,600
ErinFoley,27,28,2,21,27,631,810
ErinFoley,31,32,2,28,31,841,930
ErinFoley,35,36,2,32,35,961,1050
ErinFoley,40,41,2,36,40,1081,1200
ErinFoley,54,56,2,41,54,1231,1620
ErinFoley,66,67,2,56,66,1681,1980
ErinFoley,71,72,2,67,71,2011,2130
ErinFoley,75,76,2,72,75,2161,2250
ErinFoley,82,83,2,76,82,2281,2460
ErinFoley,88,89,2,83,88,2491,2640
ErinFoley,98,102,2,89,98,2671,2940
ErinFoley,124,127,2,102,124,3061,3720
ErinFoley,136,138,2,127,136,3811,4080
ErinFoley,144,152,2,138,144,4141,4320
ErinFoley,164,169,2,152,164,4561,4920
ErinFoley,184,187,2,169,184,5071,5520
ErinFoley,199,200,2,187,199,5611,5970
ErinFoley,204,205,2,200,204,6001,6120
ErinFoley,212,213,2,205,212,6151,6360
ErinFoley,227,232,2,213,227,6391,6810
ErinFoley,243,246,2,232,243,6961,7290
ErinFoley,254,256,2,246,254,7381,7620
ErinFoley,260,268,2,256,260,7681,7800
ErinFoley,279,281,2,268,279,8041,8370
ErinFoley,286,287,2,281,286,8431,8580
ErinFoley,289,292,2,287,289,8611,8670
ForrestShaw,8,9,0,0,8,1,240
ForrestShaw,14,15,0,9,14,271,420
ForrestShaw,23,25,0,15,23,451,690
ForrestShaw,27,29,0,25,27,751,810
ForrestShaw,31,32,0,29,31,871,930
ForrestShaw,44,45,0,32,44,961,1320
ForrestShaw,53,55,0,45,53,1351,1590
ForrestShaw,57,60,0,55,57,1651,1710
ForrestShaw,62,63,0,60,62,1801,1860
ForrestShaw,68,69,0,63,68,1891,2040
ForrestShaw,74,82,0,69,74,2071,2220
ForrestShaw,84,87,0,82,84,2461,2520
ForrestShaw,93,94,0,87,93,2611,2790
ForrestShaw,103,104,0,94,103,2821,3090
ForrestShaw,110,111,0,104,110,3121,3300
ForrestShaw,113,115,0,111,113,3331,3390
ForrestShaw,117,119,0,115,117,3451,3510
ForrestShaw,121,126,0,119,121,3571,3630
ForrestShaw,134,135,0,126,134,3781,4020
ForrestShaw,137,139,0,135,137,4051,4110
ForrestShaw,150,163,0,139,150,4171,4500
ForrestShaw,166,168,0,163,166,4891,4980
ForrestShaw,170,173,0,168,170,5041,5100
ForrestShaw,175,176,0,173,175,5191,5250
ForrestShaw,178,179,0,176,178,5281,5340
ForrestShaw,187,188,0,179,187,5371,5610
ForrestShaw,191,192,0,188,191,5641,5730
ForrestShaw,194,196,0,192,194,5761,5820
ForrestShaw,197,198,0,196,197,5881,5910
ForrestShaw,199,200,0,198,199,5941,5970
ForrestShaw,215,220,0,200,215,6001,6450
ForrestShaw,221,222,0,220,221,6601,6630
ForrestShaw,223,224,0,222,223,6661,6690
ForrestShaw,229,230,0,224,229,6721,6870
ForrestShaw,231,233,0,230,231,6901,6930
ForrestShaw,238,247,0,233,238,6991,7140
ForrestShaw,256,261,0,247,256,7411,7680
ForrestShaw,264,265,0,261,264,7831,7920
ForrestShaw,271,272,0,265,271,7951,8130
ForrestShaw,276,277,0,272,276,8161,8280
ForrestShaw,279,281,0,277,279,8311,8370
ForrestShaw,282,288,1,281,282,8431,8460
GaryGulman1,5,7,0,0,5,1,150
GaryGulman1,24,26,0,7,24,211,720
GaryGulman1,37,39,0,26,37,781,1110
GaryGulman1,48,49,0,39,48,1171,1440
GaryGulman1,53,55,0,49,53,1471,1590
GaryGulman1,56,58,0,55,56,1651,1680
GaryGulman1,69,71,0,58,69,1741,2070
GaryGulman1,73,74,0,71,73,2131,2190
GaryGulman1,78,79,0,74,78,2221,2340
GaryGulman1,83,84,0,79,83,2371,2490
GaryGulman1,87,88,0,84,87,2521,2610
GaryGulman1,92,93,0,88,92,2641,2760
GaryGulman1,103,109,0,93,103,2791,3090
GaryGulman1,115,117,0,109,115,3271,3450
GaryGulman1,120,122,0,117,120,3511,3600
GaryGulman1,125,128,0,122,125,3661,3750
GaryGulman1,130,132,0,128,130,3841,3900
GaryGulman1,135,136,0,132,135,3961,4050
GaryGulman1,137,139,0,136,137,4081,4110
GaryGulman1,141,142,0,139,141,4171,4230
GaryGulman1,147,149,0,142,147,4261,4410
GaryGulman1,155,162,0,149,155,4471,4650
GaryGulman1,169,175,0,162,169,4861,5070
GaryGulman1,182,184,0,175,182,5251,5460
GaryGulman1,186,187,0,184,186,5521,5580
GaryGulman1,193,197,0,187,193,5611,5790
GaryGulman1,199,210,0,197,199,5911,5970
GaryGulman1,213,215,0,210,213,6301,6390
GaryGulman1,217,218,0,215,217,6451,6510
GaryGulman1,219,220,0,218,219,6541,6570
GaryGulman1,223,224,0,220,223,6601,6690
GaryGulman1,228,229,0,224,228,6721,6840
GaryGulman1,236,238,0,229,236,6871,7080
GaryGulman1,242,246,0,238,242,7141,7260
GaryGulman1,251,256,0,246,251,7381,7530
GaryGulman1,262,265,0,256,262,7681,7860
GaryGulman1,268,273,0,265,268,7951,8040
GaryGulman1,280,282,0,273,280,8191,8400
GaryGulman1,290,298,0,282,290,8461,8700
GaryGulman1,302,303,0,298,302,8941,9060
GaryGulman1,303,306,0,300,303,9001,9090
GaryGulman1,310,314,0,303,310,9091,9300
GaryGulman1,317,318,0,314,317,9421,9510
GaryGulman1,319,323,0,318,319,9541,9570
GaryGulman1,325,338,0,323,325,9691,9750
GaryGulman1,342,343,0,338,342,10141,10260
GaryGulman1,347,349,0,343,347,10291,10410
GaryGulman1,358,300,1,349,358,10471,10740
GaryGulman2,9,12,0,0,9,1,270
GaryGulman2,16,18,0,12,16,361,480
GaryGulman2,20,22,0,18,20,541,600
GaryGulman2,28,30,0,22,28,661,840
GaryGulman2,38,40,0,30,38,901,1140
GaryGulman2,47,48,0,40,47,1201,1410
GaryGulman2,50,54,0,48,50,1441,1500
GaryGulman2,56,62,0,54,56,1621,1680
GaryGulman2,63,67,0,62,63,1861,1890
GaryGulman2,72,74,0,67,72,2011,2160
GaryGulman2,82,84,0,74,82,2221,2460
GaryGulman2,87,89,0,84,87,2521,2610
GaryGulman2,93,96,0,89,93,2671,2790
GaryGulman2,105,115,0,96,105,2881,3150
GaryGulman2,117,122,0,115,117,3451,3510
GaryGulman2,123,125,0,122,123,3661,3690
GaryGulman2,133,134,0,125,133,3751,3990
GaryGulman2,136,139,0,134,136,4021,4080
GaryGulman2,143,145,0,139,143,4171,4290
GaryGulman2,153,158,0,145,153,4351,4590
GaryGulman2,163,166,0,158,163,4741,4890
GaryGulman2,176,177,0,166,176,4981,5280
GaryGulman2,182,191,0,177,182,5311,5460
GaryGulman2,193,199,0,191,193,5731,5790
GaryGulman2,205,206,0,199,205,5971,6150
GaryGulman2,211,212,0,206,211,6181,6330
GaryGulman2,215,216,0,212,215,6361,6450
GaryGulman2,224,226,0,216,224,6481,6720
GaryGulman2,230,232,0,226,230,6781,6900
GaryGulman2,237,239,0,232,237,6961,7110
GaryGulman2,242,248,0,239,242,7171,7260
GaryGulman2,250,253,0,248,250,7441,7500
GaryGulman2,261,263,0,253,261,7591,7830
GaryGulman2,271,272,0,263,271,7891,8130
GaryGulman2,275,276,0,272,275,8161,8250
GaryGulman2,279,281,0,276,279,8281,8370
GaryGulman2,286,294,0,281,286,8431,8580
GaryGulman2,297,300,1,294,297,8821,8910
GaryGulman2,303,305,1,300,303,9001,9090
GaryGulman2,311,312,1,305,311,9151,9330
GaryGulman2,314,316,1,312,314,9361,9420
GaryGulman2,318,319,1,316,318,9481,9540
GaryGulman2,322,324,1,319,322,9571,9660
GaryGulman2,329,332,1,324,329,9721,9870
GaryGulman2,336,339,0,332,336,9961,10080
GaryGulman2,341,344,1,339,341,10171,10230
GaryGulman3,13,17,0,0,13,1,390
GaryGulman3,21,22,0,17,21,511,630
GaryGulman3,24,26,0,22,24,661,720
GaryGulman3,32,34,0,26,32,781,960
GaryGulman3,37,38,0,34,37,1021,1110
GaryGulman3,40,41,0,38,40,1141,1200
GaryGulman3,51,55,0,41,51,1231,1530
GaryGulman3,58,63,0,55,58,1651,1740
GaryGulman3,65,67,0,63,65,1891,1950
GaryGulman3,71,72,0,67,71,2011,2130
GaryGulman3,74,75,0,72,74,2161,2220
GaryGulman3,77,78,0,75,77,2251,2310
GaryGulman3,88,93,0,78,88,2341,2640
GaryGulman3,99,101,0,93,99,2791,2970
GaryGulman3,112,116,0,101,112,3031,3360
GaryGulman3,121,132,0,116,121,3481,3630
GaryGulman3,134,135,0,132,134,3961,4020
GaryGulman3,143,145,0,135,143,4051,4290
GaryGulman3,147,148,0,145,147,4351,4410
GaryGulman3,165,168,0,148,165,4441,4950
GaryGulman3,172,174,0,168,172,5041,5160
GaryGulman3,178,183,0,174,178,5221,5340
GaryGulman3,185,190,0,183,185,5491,5550
GaryGulman3,199,204,0,190,199,5701,5970
GaryGulman3,206,208,0,204,206,6121,6180
GaryGulman3,211,213,0,208,211,6241,6330
GaryGulman3,216,219,0,213,216,6391,6480
GaryGulman3,223,224,0,219,223,6571,6690
GaryGulman3,227,232,0,224,227,6721,6810
GaryGulman3,254,255,0,232,254,6961,7620
GaryGulman3,262,263,0,255,262,7651,7860
GaryGulman3,275,283,1,263,275,7891,8250
GaryGulman3,286,289,0,283,286,8491,8580
GaryGulman3,292,293,0,289,292,8671,8760
HelenHong1,13,14,2,0,13,1,390
HelenHong1,23,24,2,14,23,421,690
HelenHong1,36,38,2,24,36,721,1080
HelenHong1,45,46,2,38,45,1141,1350
HelenHong1,48,49,2,46,48,1381,1440
HelenHong1,53,54,2,49,53,1471,1590
HelenHong1,57,58,2,54,57,1621,1710
HelenHong1,71,77,2,58,71,1741,2130
HelenHong1,96,97,2,77,96,2311,2880
HelenHong1,107,108,2,97,107,2911,3210
HelenHong1,122,123,2,108,122,3241,3660
HelenHong1,148,149,2,123,148,3691,4440
HelenHong1,168,171,2,149,168,4471,5040
HelenHong1,178,179,2,171,178,5131,5340
HelenHong1,181,182,2,179,181,5371,5430
HelenHong1,195,196,2,182,195,5461,5850
HelenHong1,213,214,2,196,213,5881,6390
HelenHong1,232,240,2,214,232,6421,6960
HelenHong2,7,9,1,0,7,1,210
HelenHong2,12,17,1,9,12,271,360
HelenHong2,23,24,1,17,23,511,690
HelenHong2,39,46,1,24,39,721,1170
HelenHong2,50,53,1,46,50,1381,1500
HelenHong2,55,57,1,53,55,1591,1650
HelenHong2,59,62,1,57,59,1711,1770
HelenHong2,68,71,1,62,68,1861,2040
HelenHong2,84,88,1,71,84,2131,2520
HelenHong2,99,100,2,88,99,2641,2970
HelenHong2,114,116,2,100,114,3001,3420
HelenHong2,119,122,2,116,119,3481,3570
HelenHong2,134,138,2,122,134,3661,4020
HelenHong2,151,153,2,138,151,4141,4530
HelenHong2,173,177,2,153,173,4591,5190
HelenHong2,180,181,2,177,180,5311,5400
HelenHong2,194,195,2,181,194,5431,5820
HelenHong2,199,200,2,195,199,5851,5970
HelenHong2,222,226,2,200,222,6001,6660
HelenHong2,236,237,2,226,236,6781,7080
HelenHong2,259,260,2,237,259,7111,7770
HelenHong2,267,268,2,260,267,7801,8010
HelenHong2,273,275,2,268,273,8041,8190
HelenHong2,281,285,2,275,281,8251,8430
HelenHong2,288,289,2,285,288,8551,8640
HelenHong2,309,317,2,289,309,8671,9270
JackieKashian,2,5,2,0,2,1,60
JackieKashian,19,20,2,5,19,151,570
JackieKashian,23,24,2,20,23,601,690
JackieKashian,29,32,2,24,29,721,870
JackieKashian,36,37,2,32,36,961,1080
JackieKashian,39,41,2,37,39,1111,1170
JackieKashian,57,58,2,41,57,1231,1710
JackieKashian,64,66,2,58,64,1741,1920
JackieKashian,77,79,2,66,77,1981,2310
JackieKashian,81,83,2,79,81,2371,2430
JackieKashian,94,100,2,83,94,2491,2820
JackieKashian,105,107,2,100,105,3001,3150
JackieKashian,122,124,2,107,122,3211,3660
JackieKashian,126,128,2,124,126,3721,3780
JackieKashian,137,138,2,128,137,3841,4110
JackieKashian,151,152,2,138,151,4141,4530
JackieKashian,155,156,2,152,155,4561,4650
JackieKashian,161,163,2,156,161,4681,4830
JackieKashian,168,169,2,163,168,4891,5040
JackieKashian,201,203,2,169,201,5071,6030
JackieKashian,227,228,2,203,227,6091,6810
JackieKashian,231,237,2,228,231,6841,6930
JackieKashian,242,244,2,237,242,7111,7260
JackieKashian,257,258,2,244,257,7321,7710
JackieKashian,267,268,2,258,267,7741,8010
JackieKashian,271,272,2,268,271,8041,8130
JackieKashian,283,275,2,272,283,8161,8490
JackieKashian,287,288,2,275,287,8251,8610
JackieKashian,291,292,1,288,291,8641,8730
JackWhitehall1,2,4,1,0,2,1,60
JackWhitehall1,11,12,1,4,11,121,330
JackWhitehall1,16,17,1,12,16,361,480
JackWhitehall1,26,31,1,17,26,511,780
JackWhitehall1,47,48,1,31,47,931,1410
JackWhitehall1,56,57,1,48,56,1441,1680
JackWhitehall1,66,68,1,57,66,1711,1980
JackWhitehall1,72,73,1,68,72,2041,2160
JackWhitehall1,77,78,1,73,77,2191,2310
JackWhitehall1,84,85,1,78,84,2341,2520
JackWhitehall1,99,100,1,85,99,2551,2970
JackWhitehall1,113,114,1,100,113,3001,3390
JackWhitehall1,134,136,1,114,134,3421,4020
JackWhitehall1,141,146,1,136,141,4081,4230
JackWhitehall1,158,159,1,146,158,4381,4740
JackWhitehall1,226,227,1,159,226,4771,6780
JackWhitehall1,241,243,1,227,241,6811,7230
JackWhitehall1,262,263,1,243,262,7291,7860
JackWhitehall1,266,268,1,263,266,7891,7980
JackWhitehall1,280,281,1,268,280,8041,8400
JackWhitehall1,305,306,1,281,305,8431,9150
JacquelineNovak,5,7,2,0,5,1,150
JacquelineNovak,14,15,2,7,14,211,420
JacquelineNovak,18,19,2,15,18,451,540
JacquelineNovak,23,24,2,19,23,571,690
JacquelineNovak,31,33,2,24,31,721,930
JacquelineNovak,36,37,2,33,36,991,1080
JacquelineNovak,43,46,2,37,43,1111,1290
JacquelineNovak,61,69,2,46,61,1381,1830
JacquelineNovak,71,72,2,69,71,2071,2130
JacquelineNovak,78,83,2,72,78,2161,2340
JacquelineNovak,93,94,2,83,93,2491,2790
JacquelineNovak,103,107,2,94,103,2821,3090
JacquelineNovak,109,110,2,107,109,3211,3270
JacquelineNovak,116,117,2,110,116,3301,3480
JacquelineNovak,121,122,2,117,121,3511,3630
JacquelineNovak,123,124,2,122,123,3661,3690
JacquelineNovak,126,127,2,124,126,3721,3780
JacquelineNovak,135,136,2,127,135,3811,4050
JacquelineNovak,141,148,2,136,141,4081,4230
JacquelineNovak,275,276,2,147,275,4411,8250
JacquelineNovak,153,154,2,148,153,4441,4590
JacquelineNovak,165,166,2,154,165,4621,4950
JacquelineNovak,171,172,2,166,171,4981,5130
JacquelineNovak,182,183,2,172,182,5161,5460
JacquelineNovak,188,189,2,183,188,5491,5640
JacquelineNovak,197,198,2,189,197,5671,5910
JacquelineNovak,207,208,2,198,207,5941,6210
JacquelineNovak,217,218,2,208,217,6241,6510
JacquelineNovak,227,228,2,218,227,6541,6810
JacquelineNovak,236,238,2,228,236,6841,7080
JacquelineNovak,241,242,2,238,241,7141,7230
JacquelineNovak,251,252,2,242,251,7261,7530
JacquelineNovak,266,147,2,252,266,7561,7980
JacquelineNovak,281,282,2,276,281,8281,8430
JacquelineNovak,288,290,2,282,288,8461,8640
JacquelineNovak,293,296,2,290,293,8701,8790
JacquelineNovak,311,312,2,296,311,8881,9330
JacquelineNovak,316,317,2,312,316,9361,9480
JacquelineNovak,320,321,2,317,320,9511,9600
JacquelineNovak,326,327,2,321,326,9631,9780
JenKirkman,35,37,1,0,35,1,1050
JenKirkman,51,52,1,37,51,1111,1530
JenKirkman,57,58,1,52,57,1561,1710
JenKirkman,62,63,1,58,62,1741,1860
JenKirkman,72,73,1,63,72,1891,2160
JenKirkman,77,78,1,73,77,2191,2310
JenKirkman,82,83,1,78,82,2341,2460
JenKirkman,85,86,1,83,85,2491,2550
JenKirkman,91,93,1,86,91,2581,2730
JenKirkman,104,105,1,93,104,2791,3120
JenKirkman,112,113,1,105,112,3151,3360
JenKirkman,129,131,1,113,129,3391,3870
JenKirkman,143,144,1,131,143,3931,4290
JenKirkman,149,150,1,144,149,4321,4470
JenKirkman,169,170,1,150,169,4501,5070
JenKirkman,173,177,1,170,173,5101,5190
JenKirkman,184,185,1,177,184,5311,5520
JenKirkman,196,197,1,185,196,5551,5880
JenKirkman,199,200,1,197,199,5911,5970
JenKirkman,210,211,1,200,210,6001,6300
JenKirkman,230,231,1,211,230,6331,6900
JenKirkman,234,235,1,231,234,6931,7020
JenKirkman,243,246,1,235,243,7051,7290
JenKirkman,260,261,1,246,260,7381,7800
JenKirkman,268,269,1,261,268,7831,8040
JenKirkman,286,287,1,269,286,8071,8580
JenKirkman,296,297,2,287,296,8611,8880
JennyZigrino,1,7,2,0,1,1,30
JennyZigrino,12,13,2,7,12,211,360
JennyZigrino,20,22,2,13,20,391,600
JennyZigrino,23,24,2,22,23,661,690
JennyZigrino,36,44,2,24,36,721,1080
JennyZigrino,46,48,2,44,46,1321,1380
JennyZigrino,50,55,2,48,50,1441,1500
JennyZigrino,64,66,2,55,64,1651,1920
JennyZigrino,71,75,2,66,71,1981,2130
JennyZigrino,86,88,2,75,86,2251,2580
JennyZigrino,93,101,2,88,93,2641,2790
JennyZigrino,106,107,2,101,106,3031,3180
JennyZigrino,116,118,2,107,116,3211,3480
JennyZigrino,122,124,2,118,122,3541,3660
JennyZigrino,133,134,2,124,133,3721,3990
JennyZigrino,136,138,2,134,136,4021,4080
JennyZigrino,142,143,2,138,142,4141,4260
JennyZigrino,149,158,2,143,149,4291,4470
JennyZigrino,162,163,2,158,162,4741,4860
JennyZigrino,164,168,2,163,164,4891,4920
JennyZigrino,175,177,2,168,175,5041,5250
JennyZigrino,183,186,2,177,183,5311,5490
JennyZigrino,190,195,2,186,190,5581,5700
JennyZigrino,202,203,2,195,202,5851,6060
JennyZigrino,211,216,2,203,211,6091,6330
JennyZigrino,223,224,1,216,223,6481,6690
JennyZigrino,245,247,2,224,245,6721,7350
JennyZigrino,249,250,2,247,249,7411,7470
JennyZigrino,270,271,2,250,270,7501,8100
JennyZigrino,273,283,2,271,273,8131,8190
JennyZigrino,288,296,2,283,288,8491,8640
JerrySeinfeld1,1,5,1,0,1,1,30
JerrySeinfeld1,9,12,1,5,9,151,270
JerrySeinfeld1,17,19,1,12,17,361,510
JerrySeinfeld1,26.3,26.8,1,19,26.3,571,789
JerrySeinfeld1,28,31.2,1,26.8,28,805,840
JerrySeinfeld1,46,49,0,31.2,46,937,1380
JerrySeinfeld1,54,56,0,49,54,1471,1620
JerrySeinfeld1,66,69,0,56,66,1681,1980
JerrySeinfeld1,118,119,1,69,118,2071,3540
JerrySeinfeld1,126,130,1,119,126,3571,3780
JerrySeinfeld1,131,132,1,130,131,3901,3930
JerrySeinfeld1,136,138,1,132,136,3961,4080
JerrySeinfeld1,144,146,1,138,144,4141,4320
JerrySeinfeld1,149,153,1,146,149,4381,4470
JerrySeinfeld1,156,160,0,153,156,4591,4680
JerrySeinfeld1,169,171,0,160,169,4801,5070
JerrySeinfeld1,177,178,0,171,177,5131,5310
JerrySeinfeld1,188,190,1,178,188,5341,5640
JerrySeinfeld1,200,202,0,190,200,5701,6000
JerrySeinfeld1,204,206,0,202,204,6061,6120
JerrySeinfeld1,218,219,0,206,218,6181,6540
JerrySeinfeld1,225,226,0,219,225,6571,6750
JerrySeinfeld1,230,232,0,226,230,6781,6900
JerrySeinfeld1,243,245,1,232,243,6961,7290
JerrySeinfeld1,268,270,0,245,268,7351,8040
JerrySeinfeld1,280,282,0,270,280,8101,8400
JerrySeinfeld1,296,298,0,282,296,8461,8880
JerrySeinfeld1,332,335,1,298,332,8941,9960
JerrySeinfeld2,2,4,1,0,2,1,60
JerrySeinfeld2,11,12,1,4,11,121,330
JerrySeinfeld2,16,17,1,12,16,361,480
JerrySeinfeld2,26,31,1,17,26,511,780
JerrySeinfeld2,47,48,1,31,47,931,1410
JerrySeinfeld2,56,57,1,48,56,1441,1680
JerrySeinfeld2,66,68,1,57,66,1711,1980
JerrySeinfeld2,72,73,1,68,72,2041,2160
JerrySeinfeld2,77,78,1,73,77,2191,2310
JerrySeinfeld2,84,85,1,78,84,2341,2520
JerrySeinfeld2,99,100,1,85,99,2551,2970
JerrySeinfeld2,113,114,1,100,113,3001,3390
JerrySeinfeld2,134,136,1,114,134,3421,4020
JerrySeinfeld2,141,146,1,136,141,4081,4230
JerrySeinfeld2,158,159,1,146,158,4381,4740
JerrySeinfeld2,226,227,2,159,226,4771,6780
JerrySeinfeld2,241,243,2,227,241,6811,7230
JerrySeinfeld2,262,263,2,243,262,7291,7860
JerrySeinfeld2,266,268,2,263,266,7891,7980
JerrySeinfeld2,280,281,2,268,280,8041,8400
JerrySeinfeld2,305,306,2,281,305,8431,9150
JimmyCarr1,8,11,0,0,8,1,240
JimmyCarr1,18,27,0,11,18,331,540
JimmyCarr1,32,36,0,27,32,811,960
JimmyCarr1,46,52,0,36,46,1081,1380
JimmyCarr1,63,64,0,52,63,1561,1890
JimmyCarr1,67,74,0,64,67,1921,2010
JimmyCarr1,77,78,0,74,77,2221,2310
JimmyCarr1,83,92,0,78,83,2341,2490
JimmyCarr1,94,96,0,92,94,2761,2820
JimmyCarr1,102,110,0,96,102,2881,3060
JimmyCarr1,134,143,1,110,134,3301,4020
JimmyCarr1,158,170,1,143,158,4291,4740
JimmyCarr1,186,195,0,148,186,4441,5580
JimmyCarr1,173,176,0,170,173,5101,5190
JimmyCarr1,177,148,0,176,177,5281,5310
JimmyCarr1,199,202,0,195,199,5851,5970
JimmyCarr1,207,215,0,202,207,6061,6210
JimmyCarr1,223,231,0,215,223,6451,6690
JimmyCarr1,239,243,0,231,239,6931,7170
JimmyCarr1,244,245,0,243,244,7291,7320
JimmyCarr1,251,255,0,245,251,7351,7530
JimmyCarr1,263,265,0,255,263,7651,7890
JimmyCarr1,286,293,1,265,286,7951,8580
JoelKimBooster,12,13,0,0,12,1,360
JoelKimBooster,15,16,0,13,15,391,450
JoelKimBooster,19,21,0,16,19,481,570
JoelKimBooster,41,42,0,21,41,631,1230
JoelKimBooster,44,45,0,42,44,1261,1320
JoelKimBooster,48,49,0,45,48,1351,1440
JoelKimBooster,52,53,0,49,52,1471,1560
JoelKimBooster,63,70,0,53,63,1591,1890
JoelKimBooster,74,75,0,70,74,2101,2220
JoelKimBooster,89,90,0,75,89,2251,2670
JoelKimBooster,92,99,0,90,92,2701,2760
JoelKimBooster,117,118,0,99,117,2971,3510
JoelKimBooster,120,125,0,118,120,3541,3600
JoelKimBooster,135,136,0,125,135,3751,4050
JoelKimBooster,139,141,0,136,139,4081,4170
JoelKimBooster,143,144,0,141,143,4231,4290
JoelKimBooster,161,163,0,144,161,4321,4830
JoelKimBooster,273,276,1,145,273,4351,8190
JoelKimBooster,185,192,0,163,185,4891,5550
JoelKimBooster,209,210,0,192,209,5761,6270
JoelKimBooster,219,220,0,210,219,6301,6570
JoelKimBooster,245,246,0,220,245,6601,7350
JoelKimBooster,264,145,1,246,264,7381,7920
JuddApatow,2,3,1,0,2,1,60
JuddApatow,10,14,1,3,10,91,300
JuddApatow,18,19,1,14,18,421,540
JuddApatow,26,29,1,19,26,571,780
JuddApatow,31,33,1,29,31,871,930
JuddApatow,40,42,1,33,40,991,1200
JuddApatow,56,64,1,42,56,1261,1680
JuddApatow,69,70,1,64,69,1921,2070
JuddApatow,73,74,1,70,73,2101,2190
JuddApatow,78,82,1,74,78,2221,2340
JuddApatow,83,85,1,82,83,2461,2490
JuddApatow,88,90,1,85,88,2551,2640
JuddApatow,105,106,1,90,105,2701,3150
JuddApatow,112,115,1,106,112,3181,3360
JuddApatow,116,117,1,115,116,3451,3480
JuddApatow,119,120,1,117,119,3511,3570
JuddApatow,121,122,1,120,121,3601,3630
JuddApatow,128,129,1,122,128,3661,3840
JuddApatow,141,142,1,129,141,3871,4230
JuddApatow,145,149,2,142,145,4261,4350
JuddApatow,161,171,2,149,161,4471,4830
JuddApatow,174,175,2,171,174,5131,5220
JuddApatow,178,179,2,175,178,5251,5340
JuddApatow,183,185,2,179,183,5371,5490
JuddApatow,186,187,2,185,186,5551,5580
JuddApatow,192,193,2,187,192,5611,5760
JuddApatow,197,198,2,193,197,5791,5910
JuddApatow,200,207,2,198,200,5941,6000
JuddApatow,211,213,2,207,211,6211,6330
JuddApatow,215,219,2,213,215,6391,6450
JuddApatow,225,229,1,219,225,6571,6750
KevinNealon1,9,10,0,0,9,1,270
KevinNealon1,27,29,0,10,27,301,810
KevinNealon1,34,36,0,29,34,871,1020
KevinNealon1,61,64,0,36,61,1081,1830
KevinNealon1,75,76,0,64,75,1921,2250
KevinNealon1,86,87,0,76,86,2281,2580
KevinNealon1,98,100,0,87,98,2611,2940
KevinNealon1,106,107,0,100,106,3001,3180
KevinNealon1,133,135,0,107,133,3211,3990
KevinNealon1,150,152,0,135,150,4051,4500
KevinNealon1,165,166,0,152,165,4561,4950
KevinNealon1,171,173,0,166,171,4981,5130
KevinNealon1,199,200,0,173,199,5191,5970
KevinNealon1,205,206,0,200,205,6001,6150
KevinNealon1,221,223,0,206,221,6181,6630
KevinNealon1,235,237,1,223,235,6691,7050
KevinNealon1,248,250,1,237,248,7111,7440
KevinNealon1,271,275,1,250,271,7501,8130
KevinNealon1,282,385,1,275,282,8251,8460
MaggieMayaStandUp,6,8,1,0,6,1,180
MaggieMayaStandUp,11,16,1,8,11,241,330
MaggieMayaStandUp,26,29,1,16,26,481,780
MaggieMayaStandUp,35,36,1,29,35,871,1050
MaggieMayaStandUp,39,42,1,36,39,1081,1170
MaggieMayaStandUp,44,54,1,42,44,1261,1320
MaggieMayaStandUp,59,66,1,54,59,1621,1770
MaggieMayaStandUp,77,81,2,66,77,1981,2310
MaggieMayaStandUp,94,97,2,81,94,2431,2820
MaggieMayaStandUp,104,105,2,97,104,2911,3120
MaggieMayaStandUp,112,116,2,105,112,3151,3360
MaggieMayaStandUp,119,122,2,116,119,3481,3570
MaggieMayaStandUp,143,147,2,122,143,3661,4290
MaggieMayaStandUp,149,153,2,147,149,4411,4470
MaggieMayaStandUp,156,160,2,153,156,4591,4680
MaggieMayaStandUp,174,185,2,160,174,4801,5220
MaggieMayaStandUp,188,190,2,185,188,5551,5640
MaggieMayaStandUp,203,207,2,190,203,5701,6090
MaggieMayaStandUp,213,225,2,207,213,6211,6390
MaggieMayaStandUp,230,232,2,225,230,6751,6900
MaggieMayaStandUp,235,236,2,232,235,6961,7050
MaggieMayaStandUp,241,242,2,236,241,7081,7230
MaggieMayaStandUp,255,256,2,242,255,7261,7650
MaggieMayaStandUp,263,266,2,256,263,7681,7890
MaggieMayaStandUp,275,286,2,266,275,7981,8250
MaggieMayaStandUp,290,291,2,286,290,8581,8700
MaggieMayaStandUp,296,297,2,291,296,8731,8880
MarinaFranklin,6,7,1,0,6,1,180
MarinaFranklin,9,11,1,7,9,211,270
MarinaFranklin,14,16,1,11,14,331,420
MarinaFranklin,23,33,1,16,23,481,690
MarinaFranklin,35,36,1,33,35,991,1050
MarinaFranklin,42,43,1,36,42,1081,1260
MarinaFranklin,44,50,1,43,44,1291,1320
MarinaFranklin,52,53,1,50,52,1501,1560
MarinaFranklin,62,66,1,53,62,1591,1860
MarinaFranklin,68,69,1,66,68,1981,2040
MarinaFranklin,71,72,1,69,71,2071,2130
MarinaFranklin,73,75,1,72,73,2161,2190
MarinaFranklin,76,78,1,75,76,2251,2280
MarinaFranklin,79,81,1,78,79,2341,2370
MarinaFranklin,84,86,1,81,84,2431,2520
MarinaFranklin,88,90,1,86,88,2581,2640
MarinaFranklin,94,97,1,90,94,2701,2820
MarinaFranklin,102,104,1,97,102,2911,3060
MarinaFranklin,105,107,1,104,105,3121,3150
MarinaFranklin,113,115,1,107,113,3211,3390
MarinaFranklin,118,119,1,115,118,3451,3540
MarinaFranklin,120,122,1,119,120,3571,3600
MarinaFranklin,125,126,1,122,125,3661,3750
MarinaFranklin,127,130,1,126,127,3781,3810
MarinaFranklin,132,133,1,130,132,3901,3960
MarinaFranklin,136,138,1,133,136,3991,4080
MarinaFranklin,145,147,1,138,145,4141,4350
MarinaFranklin,149,151,1,147,149,4411,4470
MarinaFranklin,153,156,1,151,153,4531,4590
MarinaFranklin,166,168,1,156,166,4681,4980
MarinaFranklin,173,174,1,168,173,5041,5190
MarinaFranklin,177,185,1,174,177,5221,5310
MarinaFranklin,188,189,1,185,188,5551,5640
MarinaFranklin,191,192,1,189,191,5671,5730
MarinaFranklin,193,196,1,192,193,5761,5790
MarinaFranklin,198,200,1,196,198,5881,5940
MarinaFranklin,202,205,1,200,202,6001,6060
MarinaFranklin,207,208,1,205,207,6151,6210
MarinaFranklin,216,218,1,208,216,6241,6480
MarinaFranklin,220,221,1,218,220,6541,6600
MarinaFranklin,226,229,1,221,226,6631,6780
MarinaFranklin,231,239,1,229,231,6871,6930
MarinaFranklin,244,246,1,239,244,7171,7320
MarinaFranklin,265,277,2,246,265,7381,7950
MarinaFranklin,282,283,2,277,282,8311,8460
MarinaFranklin,286,287,2,283,286,8491,8580
MarinaFranklin,288,291,2,287,288,8611,8640
MarinaFranklin,292,296,2,291,292,8731,8760
MaryMack,8,10,2,0,8,1,240
MaryMack,21,25,2,10,21,301,630
MaryMack,33,41,2,25,33,751,990
MaryMack,49,59,2,41,49,1231,1470
MaryMack,65,67,2,59,65,1771,1950
MaryMack,77,78,2,67,77,2011,2310
MaryMack,81,82,2,78,81,2341,2430
MaryMack,86,87,2,82,86,2461,2580
MaryMack,91,93,2,87,91,2611,2730
MaryMack,97,106,2,93,97,2791,2910
MaryMack,108,119,2,106,108,3181,3240
MaryMack,121,129,2,119,121,3571,3630
MaryMack,132,135,2,129,132,3871,3960
MaryMack,138,139,2,135,138,4051,4140
MaryMack,142,144,2,139,142,4171,4260
MaryMack,147,149,2,144,147,4321,4410
MaryMack,155,157,2,149,155,4471,4650
MaryMack,160,164,2,157,160,4711,4800
MaryMack,167,177,2,164,167,4921,5010
MaryMack,183,186,2,177,183,5311,5490
MaryMack,191,194,2,186,191,5581,5730
MaryMack,197,201,2,194,197,5821,5910
MaryMack,208,216,2,201,208,6031,6240
MaryMack,226,233,2,216,226,6481,6780
MaryMack,240,247,2,233,240,6991,7200
MaryMack,257,260,2,247,257,7411,7710
MaryMack,264,266,2,260,264,7801,7920
MaryMack,269,270,2,266,269,7981,8070
MaryMack,283,288,2,270,283,8101,8490
MaryMack,294,298,2,288,294,8641,8820
MaryMack,300,304,2,298,300,8941,9000
MaryMack,306,307,2,304,306,9121,9180
MaryMack,322,325,2,307,322,9211,9660
MaryMack,330,335,0,325,330,9751,9900
MatthewBroussard,4,5,0,0,4,1,120
MatthewBroussard,8,9,0,5,8,151,240
MatthewBroussard,11,12,0,9,11,271,330
MatthewBroussard,15,16,0,12,15,361,450
MatthewBroussard,20,22,0,16,20,481,600
MatthewBroussard,27,28,0,22,27,661,810
MatthewBroussard,31,37,0,28,31,841,930
MatthewBroussard,39,40,0,37,39,1111,1170
MatthewBroussard,48,49,0,40,48,1201,1440
MatthewBroussard,53,54,0,49,53,1471,1590
MatthewBroussard,57,58,0,54,57,1621,1710
MatthewBroussard,61,62,0,58,61,1741,1830
MatthewBroussard,65,68,0,62,65,1861,1950
MatthewBroussard,87,96,0,68,87,2041,2610
MatthewBroussard,100,101,0,96,100,2881,3000
MatthewBroussard,103,112,0,101,103,3031,3090
MatthewBroussard,116,117,0,112,116,3361,3480
MatthewBroussard,128,129,0,117,128,3511,3840
MatthewBroussard,133,134,0,129,133,3871,3990
MatthewBroussard,137,138,0,134,137,4021,4110
MatthewBroussard,144,150,0,138,144,4141,4320
MatthewBroussard,152,158,0,150,152,4501,4560
MatthewBroussard,160,162,0,158,160,4741,4800
MatthewBroussard,178,179,0,162,178,4861,5340
MatthewBroussard,180,182,0,179,180,5371,5400
MatthewBroussard,188,189,0,182,188,5461,5640
MatthewBroussard,192,193,0,189,192,5671,5760
MatthewBroussard,196,198,0,193,196,5791,5880
MatthewBroussard,199,200,0,198,199,5941,5970
MatthewBroussard,219,221,0,200,219,6001,6570
MatthewBroussard,223,224,0,221,223,6631,6690
MatthewBroussard,227,229,0,224,227,6721,6810
MatthewBroussard,234,235,0,229,234,6871,7020
MatthewBroussard,242,244,0,235,242,7051,7260
MatthewBroussard,247,248,0,244,247,7321,7410
MatthewBroussard,258,269,1,248,258,7441,7740
MatthewBroussard,278,287,1,269,278,8071,8340
MeganGailey,0,4,1,0,0,1,0
MeganGailey,6,8,1,4,6,121,180
MeganGailey,13,16,1,8,13,241,390
MeganGailey,23,26,1,16,23,481,690
MeganGailey,31,36,1,26,31,781,930
MeganGailey,48,56,1,36,48,1081,1440
MeganGailey,60,62,1,56,60,1681,1800
MeganGailey,64,65,1,62,64,1861,1920
MeganGailey,67,73,1,65,67,1951,2010
MeganGailey,75,76,1,73,75,2191,2250
MeganGailey,78,87,1,76,78,2281,2340
MeganGailey,89,92,1,87,89,2611,2670
MeganGailey,99,100,1,92,99,2761,2970
MeganGailey,102,104,1,100,102,3001,3060
MeganGailey,112,116,1,104,112,3121,3360
MeganGailey,118,130,1,116,118,3481,3540
MeganGailey,135,142,1,130,135,3901,4050
MeganGailey,154,163,1,142,154,4261,4620
MeganGailey,166,170,1,163,166,4891,4980
MeganGailey,172,174,1,170,172,5101,5160
MeganGailey,184,186,1,174,184,5221,5520
MeganGailey,193,195,1,186,193,5581,5790
MeganGailey,199,210,1,195,199,5851,5970
MeganGailey,214,218,1,210,214,6301,6420
MeganGailey,225,228,1,218,225,6541,6750
MeganGailey,236,237,1,228,236,6841,7080
MeganGailey,248,251,1,237,248,7111,7440
MeganGailey,255,258,1,251,255,7531,7650
MeganGailey,267,269,1,258,267,7741,8010
MeganGailey,273,275,1,269,273,8071,8190
MeganGailey,284,292,2,275,284,8251,8520
NateBargatze1,6,7,0,0,6,1,180
NateBargatze1,18,19,0,7,18,211,540
NateBargatze1,32,37,0,19,32,571,960
NateBargatze1,39,40,0,37,39,1111,1170
NateBargatze1,43,44,0,40,43,1201,1290
NateBargatze1,51,56,0,44,51,1321,1530
NateBargatze1,66,68,0,56,66,1681,1980
NateBargatze1,70,71,0,68,70,2041,2100
NateBargatze1,73,74,0,71,73,2131,2190
NateBargatze1,76,77,0,74,76,2221,2280
NateBargatze1,79,85,0,77,79,2311,2370
NateBargatze1,90,91,0,85,90,2551,2700
NateBargatze1,98,107,0,91,98,2731,2940
NateBargatze1,126,127,0,107,126,3211,3780
NateBargatze1,129,133,0,127,129,3811,3870
NateBargatze1,139,144,0,133,139,3991,4170
NateBargatze1,153,154,0,144,153,4321,4590
NateBargatze1,173,175,0,154,173,4621,5190
NateBargatze1,183,191,0,175,183,5251,5490
NateBargatze1,195,196,0,191,195,5731,5850
NateBargatze1,198,205,0,196,198,5881,5940
NateBargatze1,210,212,0,205,210,6151,6300
NateBargatze1,216,224,0,212,216,6361,6480
NateBargatze1,226,227,0,224,226,6721,6780
NateBargatze1,237,239,0,227,237,6811,7110
NateBargatze1,241,242,0,239,241,7171,7230
NateBargatze1,247,248,0,242,247,7261,7410
NateBargatze1,252,253,0,248,252,7441,7560
NateBargatze1,258,262,0,253,258,7591,7740
NateBargatze1,274,279,0,262,274,7861,8220
NateBargatze2,9,10,0,0,9,1,270
NateBargatze2,15,16,0,10,15,301,450
NateBargatze2,26,28,0,16,26,481,780
NateBargatze2,42,45,0,28,42,841,1260
NateBargatze2,52,53,0,45,52,1351,1560
NateBargatze2,58,60,0,53,58,1591,1740
NateBargatze2,64,65,0,60,64,1801,1920
NateBargatze2,74,75,0,65,74,1951,2220
NateBargatze2,81,82,0,75,81,2251,2430
NateBargatze2,86,87,0,82,86,2461,2580
NateBargatze2,118,119,0,87,118,2611,3540
NateBargatze2,125,126,0,119,125,3571,3750
NateBargatze2,142,144,0,126,142,3781,4260
NateBargatze2,150,152,0,144,150,4321,4500
NateBargatze2,154,155,0,152,154,4561,4620
NateBargatze2,163,164,0,155,163,4651,4890
NateBargatze2,166,167,0,164,166,4921,4980
NateBargatze2,171,174,0,167,171,5011,5130
NateBargatze2,178,179,0,174,178,5221,5340
NateBargatze2,185,188,0,179,185,5371,5550
NateBargatze2,190,191,0,188,190,5641,5700
NateBargatze2,195,198,0,191,195,5731,5850
NateBargatze2,203,205,0,198,203,5941,6090
NateBargatze2,213,214,0,205,213,6151,6390
NateBargatze2,218,219,1,214,218,6421,6540
NateBargatze2,234,235,1,219,234,6571,7020
NateBargatze2,237,238,1,235,237,7051,7110
NateBargatze2,242,243,1,238,242,7141,7260
NateBargatze2,245,250,1,243,245,7291,7350
NateBargatze2,252,253,1,250,252,7501,7560
NateBargatze2,255,257,1,253,255,7591,7650
NateBargatze2,263,264,1,257,263,7711,7890
NateBargatze2,266,267,1,264,266,7921,7980
NateBargatze2,270,271,1,267,270,8011,8100
NateBargatze2,273,281,1,271,273,8131,8190
RobGleeson,12,13,2,0,12,1,360
RobGleeson,28,29,2,13,28,391,840
RobGleeson,36,37,2,29,36,871,1080
RobGleeson,40,42,2,37,40,1111,1200
RobGleeson,46,47,2,42,46,1261,1380
RobGleeson,53,54,2,47,53,1411,1590
RobGleeson,67,70,1,54,67,1621,2010
RobGleeson,85,87,1,70,85,2101,2550
RobGleeson,90,91,1,87,90,2611,2700
RobGleeson,101,102,1,91,101,2731,3030
RobGleeson,105,106,1,102,105,3061,3150
RobGleeson,130,131,1,106,130,3181,3900
RobGleeson,141,146,1,131,141,3931,4230
RobGleeson,155,156,1,146,155,4381,4650
RobGleeson,157,158,1,156,157,4681,4710
RobGleeson,161,165,1,158,161,4741,4830
RobGleeson,180,181,1,165,180,4951,5400
RobGleeson,183,186,1,181,183,5431,5490
RobGleeson,188,189,1,186,188,5581,5640
RobGleeson,235,237,2,189,235,5671,7050
RobGleeson,254,255,2,237,254,7111,7620
RobGleeson,266,268,2,255,266,7651,7980
RobGleeson,270,272,2,268,270,8041,8100
RobGleeson,274,275,2,272,274,8161,8220
RobGleeson,288,293,2,275,288,8251,8640
RussellHoward1,6,7,2,0,6,1,180
RussellHoward1,13,14,2,7,13,211,390
RussellHoward1,22,23,2,14,22,421,660
RussellHoward1,28,29,2,23,28,691,840
RussellHoward1,37,38,2,29,37,871,1110
RussellHoward1,41,43,2,38,41,1141,1230
RussellHoward1,43,45,2,43,43,1291,1290
RussellHoward1,47,49,2,45,47,1351,1410
RussellHoward1,73,74,2,49,73,1471,2190
RussellHoward1,80,81,2,74,80,2221,2400
RussellHoward1,87,88,2,81,87,2431,2610
RussellHoward1,106,107,2,88,106,2641,3180
RussellHoward1,123,124,2,107,123,3211,3690
RussellHoward1,135,137,2,124,135,3721,4050
RussellHoward1,147,148,2,137,147,4111,4410
RussellHoward1,160,163,2,148,160,4441,4800
RussellHoward1,167,170,2,163,167,4891,5010
RussellHoward1,176,178,2,170,176,5101,5280
RussellHoward1,195,197,2,178,195,5341,5850
RussellHoward1,200,201,2,197,200,5911,6000
RussellHoward1,203,204,2,201,203,6031,6090
RussellHoward1,213,214,2,204,213,6121,6390
RussellHoward1,219,220,2,214,219,6421,6570
RussellHoward1,231,232,2,220,231,6601,6930
RussellHoward1,260,262,2,232,260,6961,7800
RussellHoward1,270,271,2,262,270,7861,8100
RussellHoward1,306,308,2,271,306,8131,9180
RussellHoward2,5,7,1,0,5,1,150
RussellHoward2,10,11,1,7,10,211,300
RussellHoward2,15,16,1,11,15,331,450
RussellHoward2,19,25,1,16,19,481,570
RussellHoward2,29,31,1,25,29,751,870
RussellHoward2,38,39,1,31,38,931,1140
RussellHoward2,53,55,1,39,53,1171,1590
RussellHoward2,57,60,1,55,57,1651,1710
RussellHoward2,63,64,1,60,63,1801,1890
RussellHoward2,68,70,1,64,68,1921,2040
RussellHoward2,72,73,1,70,72,2101,2160
RussellHoward2,79,80,1,73,79,2191,2370
RussellHoward2,86,86,1,80,86,2401,2580
RussellHoward2,91,99,1,86,91,2581,2730
RussellHoward2,102,103,1,99,102,2971,3060
RussellHoward2,105,106,1,103,105,3091,3150
RussellHoward2,120,121,1,106,120,3181,3600
RussellHoward2,125,126,1,121,125,3631,3750
RussellHoward2,130,136,1,126,130,3781,3900
RussellHoward2,148,150,1,136,148,4081,4440
RussellHoward2,155,156,1,150,155,4501,4650
RussellHoward2,173,175,1,156,173,4681,5190
RussellHoward2,182,183,1,175,182,5251,5460
RussellHoward2,188,190,1,183,188,5491,5640
RussellHoward2,194,196,1,190,194,5701,5820
RussellHoward2,203,204,1,196,203,5881,6090
RussellHoward2,207,208,1,204,207,6121,6210
RussellHoward2,211,212,1,208,211,6241,6330
RussellHoward2,216,223,1,212,216,6361,6480
RussellHoward2,239,242,2,223,239,6691,7170
RussellHoward2,246,248,1,242,246,7261,7380
RyanHamilton,2,4,0,0,2,1,60
RyanHamilton,8,9,0,4,8,121,240
RyanHamilton,13,14,0,9,13,271,390
RyanHamilton,19,20,0,14,19,421,570
RyanHamilton,22,23,0,20,22,601,660
RyanHamilton,25,26,0,23,25,691,750
RyanHamilton,31,32,0,26,31,781,930
RyanHamilton,36,37,0,32,36,961,1080
RyanHamilton,45,47,0,37,45,1111,1350
RyanHamilton,51,52,0,47,51,1411,1530
RyanHamilton,54,55,0,52,54,1561,1620
RyanHamilton,61,66,0,55,61,1651,1830
RyanHamilton,69,70,0,66,69,1981,2070
RyanHamilton,72,74,0,70,72,2101,2160
RyanHamilton,79,81,0,74,79,2221,2370
RyanHamilton,85,94,0,81,85,2431,2550
RyanHamilton,100,104,0,94,100,2821,3000
RyanHamilton,106,107,0,104,106,3121,3180
RyanHamilton,109,110,0,107,109,3211,3270
RyanHamilton,117,118,0,110,117,3301,3510
RyanHamilton,123,125,0,118,123,3541,3690
RyanHamilton,128,130,0,125,128,3751,3840
RyanHamilton,143,145,0,130,143,3901,4290
RyanHamilton,151,152,0,145,151,4351,4530
RyanHamilton,155,156,0,152,155,4561,4650
RyanHamilton,160,161,0,156,160,4681,4800
RyanHamilton,166,171,0,161,166,4831,4980
RyanHamilton,175,183,0,171,175,5131,5250
RyanHamilton,188,190,0,183,188,5491,5640
RyanHamilton,197,198,0,190,197,5701,5910
RyanHamilton,206,208,0,198,206,5941,6180
RyanHamilton,210,212,0,208,210,6241,6300
RyanHamilton,234,242,0,212,234,6361,7020
RyanHamilton,243,245,0,242,243,7261,7290
RyanHamilton,250,251,0,245,250,7351,7500
RyanHamilton,254,256,0,251,254,7531,7620
RyanHamilton,257,266,0,256,257,7681,7710
SaraPascoe1,6,7,2,0,6,1,180
SaraPascoe1,9,10,2,7,9,211,270
SaraPascoe1,11,12,2,10,11,301,330
SaraPascoe1,24,25,2,12,24,361,720
SaraPascoe1,28,30,2,25,28,751,840
SaraPascoe1,49,51,2,30,49,901,1470
SaraPascoe1,63,66,2,51,63,1531,1890
SaraPascoe1,71,72,2,66,71,1981,2130
SaraPascoe1,88,89,2,72,88,2161,2640
SaraPascoe1,120,121,2,89,120,2671,3600
SaraPascoe1,122,123,2,121,122,3631,3660
SaraPascoe1,133,134,2,123,133,3691,3990
SaraPascoe1,143,144,2,134,143,4021,4290
SaraPascoe1,150,151,2,144,150,4321,4500
SaraPascoe1,157,160,2,151,157,4531,4710
SaraPascoe1,167,168,2,160,167,4801,5010
SaraPascoe1,177,179,2,168,177,5041,5310
SaraPascoe1,181,182,2,179,181,5371,5430
SaraPascoe1,188,189,2,182,188,5461,5640
SaraPascoe1,210,214,2,189,210,5671,6300
SaraPascoe1,221,222,2,214,221,6421,6630
SaraPascoe1,224,225,2,222,224,6661,6720
SaraPascoe1,233,236,2,225,233,6751,6990
SaraPascoe1,237,239,2,236,237,7081,7110
SaraPascoe1,240,241,2,239,240,7171,7200
SaraPascoe1,244,245,2,241,244,7231,7320
SaraPascoe1,249,250,2,245,249,7351,7470
SaraPascoe1,259,260,1,250,259,7501,7770
SaraPascoe1,271,272,1,260,271,7801,8130
SaraPascoe1,275,276,1,272,275,8161,8250
SaraPascoe1,278,279,1,276,278,8281,8340
SaraPascoe1,288,292,2,279,288,8371,8640
SaraPascoe2,7,11,2,0,7,1,210
SaraPascoe2,26,27,2,11,26,331,780
SaraPascoe2,32,33,2,27,32,811,960
SaraPascoe2,38,39,2,33,38,991,1140
SaraPascoe2,42,43,2,39,42,1171,1260
SaraPascoe2,54,55,2,43,54,1291,1620
SaraPascoe2,57,59,2,55,57,1651,1710
SaraPascoe2,62,64,2,59,62,1771,1860
SaraPascoe2,76,77,2,64,76,1921,2280
SaraPascoe2,82,83,2,77,82,2311,2460
SaraPascoe2,86,88,2,83,86,2491,2580
SaraPascoe2,101,103,2,86,101,2581,3030
SaraPascoe2,94,86,2,88,94,2641,2820
SaraPascoe2,105,107,2,103,105,3091,3150
SaraPascoe2,110,113,1,107,110,3211,3300
SaraPascoe2,115,117,1,113,115,3391,3450
SaraPascoe2,131,133,1,117,131,3511,3930
SaraPascoe2,138,141,1,133,138,3991,4140
SaraPascoe2,149,152,1,141,149,4231,4470
SaraPascoe2,166,168,1,152,166,4561,4980
SaraPascoe2,183,186,1,168,183,5041,5490
SaraPascoe2,197,199,1,186,197,5581,5910
SaraPascoe2,225,226,1,199,225,5971,6750
SaraPascoe2,231,233,2,226,231,6781,6930
SaraPascoe2,241,243,2,233,241,6991,7230
SaraPascoe2,257,258,2,243,257,7291,7710
SaraPascoe2,266,267,2,258,266,7741,7980
SaraPascoe2,278,279,2,267,278,8011,8340
SaraPascoe2,293,295,2,279,293,8371,8790
SaraPascoe2,300,302,2,295,300,8851,9000
SaraPascoe2,307,308,1,302,307,9061,9210
SolomonGeorgio,5,6,0,0,5,1,150
SolomonGeorgio,11,13,0,6,11,181,330
SolomonGeorgio,19,20,0,13,19,391,570
SolomonGeorgio,22,23,0,20,22,601,660
SolomonGeorgio,27,28,0,23,27,691,810
SolomonGeorgio,31,40,0,28,31,841,930
SolomonGeorgio,46,50,0,40,46,1201,1380
SolomonGeorgio,59,60,0,50,59,1501,1770
SolomonGeorgio,63,68,0,60,63,1801,1890
SolomonGeorgio,72,81,0,68,72,2041,2160
SolomonGeorgio,87,90,0,81,87,2431,2610
SolomonGeorgio,92,93,0,90,92,2701,2760
SolomonGeorgio,105,108,1,93,105,2791,3150
SolomonGeorgio,118,119,1,108,118,3241,3540
SolomonGeorgio,125,133,1,119,125,3571,3750
SolomonGeorgio,136,139,1,133,136,3991,4080
SolomonGeorgio,142,144,1,139,142,4171,4260
SolomonGeorgio,152,156,1,144,152,4321,4560
SolomonGeorgio,177,185,1,156,177,4681,5310
SolomonGeorgio,190,198,1,185,190,5551,5700
SolomonGeorgio,199,200,1,198,199,5941,5970
SolomonGeorgio,202,204,1,200,202,6001,6060
SolomonGeorgio,212,216,1,204,212,6121,6360
SolomonGeorgio,228,236,1,216,228,6481,6840
SolomonGeorgio,239,241,1,236,239,7081,7170
SolomonGeorgio,246,247,1,241,246,7231,7380
SolomonGeorgio,252,262,1,247,252,7411,7560
SolomonGeorgio,266,270,1,262,266,7861,7980
SolomonGeorgio,278,279,1,270,278,8101,8340
SolomonGeorgio,280,281,1,279,280,8371,8400
SolomonGeorgio,292,293,2,281,292,8431,8760
SolomonGeorgio,296,297,2,293,296,8791,8880
TomClark,5,6,1,0,5,1,150
TomClark,23,24,1,6,23,181,690
TomClark,33,32,1,24,33,721,990
TomClark,36,37,1,32,36,961,1080
TomClark,40,41,1,37,40,1111,1200
TomClark,56,57,1,41,56,1231,1680
TomClark,63,64,1,57,63,1711,1890
TomClark,67,68,1,64,67,1921,2010
TomClark,83,93,1,68,83,2041,2490
TomClark,104,108,1,93,104,2791,3120
TomClark,116,118,0,108,116,3241,3480
TomClark,123,126,0,118,123,3541,3690
TomClark,137,144,1,126,137,3781,4110
TomClark,148,150,1,144,148,4321,4440
TomClark,152,155,1,150,152,4501,4560
TomClark,163,175,1,155,163,4651,4890
TomClark,180,188,0,175,180,5251,5400
TomClark,194,196,0,188,194,5641,5820
TomClark,199,201,0,196,199,5881,5970
TomClark,203,217,0,201,203,6031,6090
TomClark,240,249,1,217,240,6511,7200
TomClark,251,252,1,249,251,7471,7530
TomClark,263,264,2,252,263,7561,7890
TomPapa,6,10,0,0,6,1,180
TomPapa,15,18,0,10,15,301,450
TomPapa,26,33,0,18,26,541,780
TomPapa,47,48,0,33,47,991,1410
TomPapa,50,52,0,48,50,1441,1500
TomPapa,53,54,0,52,53,1561,1590
TomPapa,61,62,0,54,61,1621,1830
TomPapa,64,72,0,62,64,1861,1920
TomPapa,75,76,0,72,75,2161,2250
TomPapa,78,79,0,76,78,2281,2340
TomPapa,81,87,0,79,81,2371,2430
TomPapa,96,97,0,87,96,2611,2880
TomPapa,100,101,0,97,100,2911,3000
TomPapa,109,110,0,101,109,3031,3270
TomPapa,111,113,0,110,111,3301,3330
TomPapa,116,119,0,113,116,3391,3480
TomPapa,122,123,0,119,122,3571,3660
TomPapa,125,128,0,123,125,3691,3750
TomPapa,137,138,0,128,137,3841,4110
TomPapa,141,142,0,138,141,4141,4230
TomPapa,145,147,0,142,145,4261,4350
TomPapa,150,151,0,147,150,4411,4500
TomPapa,156,157,0,151,156,4531,4680
TomPapa,169,171,0,157,169,4711,5070
TomPapa,176,177,0,171,176,5131,5280
TomPapa,193,200,0,177,193,5311,5790
TomPapa,203,207,0,200,203,6001,6090
TomPapa,210,212,0,207,210,6211,6300
TomPapa,214,215,0,212,214,6361,6420
TomPapa,219,221,0,215,219,6451,6570
TomPapa,226,227,0,221,226,6631,6780
TomPapa,233,237,0,227,233,6811,6990
TomPapa,244,245,0,237,244,7111,7320
TomPapa,246,248,0,245,246,7351,7380
TomPapa,252,260,0,248,252,7441,7560
TomPapa,270,271,0,260,270,7801,8100
TomPapa,276,281,0,271,276,8131,8280
TomPapa,287,291,1,281,287,8431,8610
TomPapa,293,297,0,291,293,8731,8790
TonyDeyo,15,17,0,0,15,1,450
TonyDeyo,20,23,0,17,20,511,600
TonyDeyo,27,33,0,23,27,691,810
TonyDeyo,35,36,0,33,35,991,1050
TonyDeyo,54,57,0,36,54,1081,1620
TonyDeyo,59,70,0,57,59,1711,1770
TonyDeyo,98,107,0,70,98,2101,2940
TonyDeyo,128,138,0,107,128,3211,3840
TonyDeyo,145,147,0,138,145,4141,4350
TonyDeyo,162,169,0,147,162,4411,4860
TonyDeyo,170,173,0,169,170,5071,5100
TonyDeyo,175,177,0,173,175,5191,5250
TonyDeyo,184,186,0,177,184,5311,5520
TonyDeyo,188,190,0,186,188,5581,5640
TonyDeyo,210,211,0,190,210,5701,6300
TonyDeyo,215,217,0,211,215,6331,6450
TonyDeyo,221,222,1,217,221,6511,6630
TonyDeyo,225,226,1,222,225,6661,6750
TonyDeyo,237,246,1,226,237,6781,7110
TonyDeyo,248,249,1,246,248,7381,7440
TonyDeyo,251,258,1,249,251,7471,7530